Post image,Post title,Publish date,Category name,Post ID,Last edit date,Post views,Unique visitors,Engagement,Site sessions
https://manage.wix.com/analytics-ng/assets/svg/placeholder.svg,Unknown,,Unknown,Unknown,,0,0,0,0
https://manage.wix.com/analytics-ng/assets/svg/placeholder.svg,Food Truck Financing: How to Fund Your Truck Equipment Inventory and Launch Costs,6/29/2026,"Same-Day Business Funding,Business Funding",f3456d81-39c6-4fb4-baca-070e3d77e482,6/29/2026,1,1,0,1
https://manage.wix.com/analytics-ng/assets/svg/placeholder.svg,AI Content Refresh Automation: How to Update Old Funding Articles Before Rankings Rot,6/24/2026,AI Automation & Finance Ops,845cf236-479b-4dd6-b928-277718454403,6/24/2026,3,3,0,3
https://manage.wix.com/analytics-ng/assets/svg/placeholder.svg,AI Ad Spend Cash Flow: When Your Ads Are Working but Your Bank Account Is Screaming,6/17/2026,"AI Automation & Finance Ops,eCommerce Seller Funding",779c5ff1-8f85-43dd-ab47-bc563639e220,6/17/2026,2,2,0,2
https://manage.wix.com/analytics-ng/assets/svg/placeholder.svg,SpotLightLoans.com Review (2026): Legit Funding Marketplace or Just Another Aggregator?,6/12/2026,Reviews & Comparisons,d5be5f91-71b4-4c8d-b627-36232137073c,6/12/2026,3,3,0,3
https://manage.wix.com/analytics-ng/assets/svg/placeholder.svg,Giggle Finance No Credit Check: Truth Myth and Fine Print,6/11/2026,"Same-Day Business Funding,Gig Worker Funding",6afbdd10-da79-4de6-bf74-75e4e8b006d6,6/11/2026,3,3,0,3
https://manage.wix.com/analytics-ng/assets/svg/placeholder.svg,AI Agents for Finance Operations: From Alerts to Action Without Letting the Robot Drive Drunk,6/10/2026,AI Automation & Finance Ops,7e4f39fa-6745-45f8-b81b-7275c0044fd7,6/10/2026,2,2,0,2
https://manage.wix.com/analytics-ng/assets/svg/placeholder.svg,Fast Solutions with Same Day Funding Options for Your Business,6/9/2026,Same-Day Business Funding,c64858dd-1725-49fc-bc6c-2358c700ace3,6/9/2026,3,3,0,3
https://manage.wix.com/analytics-ng/assets/svg/placeholder.svg,No-Doc and Bad Credit Startup Business Loans for Entrepreneurs,6/8/2026,"Business Credit,Same-Day Business Funding",7061ad66-accb-4f80-8dd5-4977052b89d1,6/8/2026,5,5,0,5
https://manage.wix.com/analytics-ng/assets/svg/placeholder.svg,Giggle Finance for DoorDash Drivers: Fast Cash or Expensive Shortcut?,6/5/2026,"Gig Worker Funding,Same-Day Business Funding",eb5a38e8-cedd-4af1-b23d-81ed537e2176,6/5/2026,1,1,0,1
https://manage.wix.com/analytics-ng/assets/svg/placeholder.svg,Instant Line of Credit for Gig Workers: Fast Options and Requirements,6/3/2026,"Gig Worker Funding,Same-Day Business Funding",48685ff2-592b-46ad-8176-8a6cb35f1716,6/3/2026,7,6,0,7
https://manage.wix.com/analytics-ng/assets/svg/placeholder.svg,AI Lead Generation for Local Service Businesses: How to Find Funding-Ready Clients Before Your Competitors Do,6/2/2026,AI Automation & Finance Ops,e2da419e-bcde-4c74-b8f9-8a9d6554753c,6/2/2026,3,3,0,3
https://manage.wix.com/analytics-ng/assets/svg/placeholder.svg,Funding for Wix Sellers: Top Business Funding Options for Wix Store Owner,6/1/2026,"eCommerce Seller Funding,Business Funding",b036e461-1229-4099-9792-19b5b6983ce6,6/1/2026,1,1,0,1
https://manage.wix.com/analytics-ng/assets/svg/placeholder.svg,Giggle Finance vs Dave: Which Cash Advance App Is Better?,5/30/2026,"Reviews & Comparisons,Gig Worker Funding,Same-Day Business Funding",2ddeaa44-b198-422f-9673-765328f362b4,5/30/2026,5,5,0,5
https://manage.wix.com/analytics-ng/assets/svg/placeholder.svg,Giggle Finance Requirements: Who Qualifies and Who Gets Denied?,5/29/2026,"Reviews & Comparisons,Gig Worker Funding,Same-Day Business Funding",f6be89c4-b549-457e-827d-5a7cbae0c73c,5/29/2026,2,2,0,2
https://manage.wix.com/analytics-ng/assets/svg/placeholder.svg,AI Finance Tools for Ecommerce Sellers: Inventory Cash Flow and the Funding Cliff Nobody Warns You About,5/29/2026,"AI Automation & Finance Ops,eCommerce Seller Funding",f23af6fa-85b4-4da3-b9da-8893e8bd5fc4,5/29/2026,1,1,0,1
https://manage.wix.com/analytics-ng/assets/svg/placeholder.svg,Giggle Finance Fees: What Does Giggle Finance Really Cost?,5/28/2026,"Reviews & Comparisons,Same-Day Business Funding,Gig Worker Funding",77127bf1-8863-4fff-b419-a73434efe008,5/28/2026,1,1,0,1
https://manage.wix.com/analytics-ng/assets/svg/placeholder.svg,Discover Same-Day Funding Options for Your Business,5/27/2026,Same-Day Business Funding,3d041c5b-4585-4313-8c42-2fc4fcbb8a72,5/27/2026,5,5,0,5
https://manage.wix.com/analytics-ng/assets/svg/placeholder.svg,No Doc Startup Business Loans: Fast Funding Without Paperwork,5/26/2026,"Business Funding,Same-Day Business Funding",a06522ae-46bd-4c3c-a891-c0bb1a1ccc96,5/26/2026,6,6,0,6
https://manage.wix.com/analytics-ng/assets/svg/placeholder.svg,How Loan Brokers Can Use AI Without Becoming Spam Goblins,5/25/2026,"Loan Broker & Affiliate Program,AI Automation & Finance Ops",a9e0e6e7-d03f-4734-985e-5957dc1e7f46,5/25/2026,2,2,0,2
https://manage.wix.com/analytics-ng/assets/svg/placeholder.svg,3 Primary Tradeline Accounts You Can Add to Your Credit Report (2026 Guide),5/22/2026,Business Credit,2e0b7f5d-58cb-447d-9f59-29f71bb23a07,5/22/2026,37,27,0,28
https://manage.wix.com/analytics-ng/assets/svg/placeholder.svg,Giggle Finance Plaid Bank Connection: Is It Safe to Link Your Account,5/21/2026,Reviews & Comparisons,3a6da7fc-3a16-4f17-ad57-3984589f435b,5/21/2026,6,4,0,6
https://manage.wix.com/analytics-ng/assets/svg/placeholder.svg,Giggle Finance Review (2026): Legit Gig Worker Funding or Expensive Cash Trap?,5/20/2026,"Reviews & Comparisons,Gig Worker Funding,Business Funding",19b89acf-f0ac-4b83-bd72-f81f55396d57,5/20/2026,12,8,0,10
https://manage.wix.com/analytics-ng/assets/svg/placeholder.svg,AI CRM Automation for Loan Brokers: Follow-Up Systems That Don’t Forget Flake or Need a Pep Talk,5/20/2026,"Loan Broker & Affiliate Program,AI Automation & Finance Ops",3ebbab0a-b064-4cc9-983c-68c1e4d3b78a,5/20/2026,3,3,0,3
https://manage.wix.com/analytics-ng/assets/svg/placeholder.svg,Unsecured Business Lines of Credit Demystified: Your Guide to Non-Collateral Business Credit,5/18/2026,Business Credit,a1233c23-5495-4be5-882a-21ca85601cdf,5/18/2026,3,3,0,3
https://manage.wix.com/analytics-ng/assets/svg/placeholder.svg,The AI Funding Gap Analysis: How to Know When Your Business Needs Capital Before the Bank Laughs You Out of the Room,5/16/2026,AI Automation & Finance Ops,832f6b11-f9ff-4ac4-93ad-55bae40af0d0,5/16/2026,8,8,0,8
https://manage.wix.com/analytics-ng/assets/svg/placeholder.svg,Business Acquisition Financing: What You Need to Know,5/15/2026,Acquisition Financing,b9d850c9-4d6b-4813-a5cc-7a1f45cfa3d5,5/15/2026,3,3,0,3
https://manage.wix.com/analytics-ng/assets/svg/placeholder.svg,Can AI Tell If Your Business Is Fundable? The Funding Readiness Scorecard Explained,5/14/2026,"AI Automation & Finance Ops,Reviews & Comparisons",99825b08-eec5-483a-a035-36579d8a7c7e,5/14/2026,11,8,0,8
https://manage.wix.com/analytics-ng/assets/svg/placeholder.svg,AI Cash Flow Forecasting for Small Businesses: How to Spot a Funding Gap Before It Punches You in the Face,5/13/2026,AI Automation & Finance Ops,f7d52cfd-1eaf-473e-a4fd-435976b7a56c,5/13/2026,3,3,0,3
https://manage.wix.com/analytics-ng/assets/svg/placeholder.svg,Quick Cash for Gig Workers: Fast Funding Solutions,5/12/2026,"Same-Day Business Funding,Gig Worker Funding,Business Funding",eb736056-0a4c-47f7-b6b3-87e3b26de144,5/12/2026,2,2,0,2
https://manage.wix.com/analytics-ng/assets/svg/placeholder.svg,Fairfax County Business Funding: Fast Capital from Moonshine Capital,5/11/2026,Same-Day Business Funding,c5b6b10c-cec7-4cd6-86a9-881aae3ee954,5/11/2026,2,2,0,2
https://manage.wix.com/analytics-ng/assets/svg/placeholder.svg,AI Financial Planning for Small Business Owners Who Can’t Afford a CFO Yet,5/8/2026,"AI Automation & Finance Ops,Reviews & Comparisons",2b8f5a32-ba9b-4046-8b4d-fa42b1511f47,5/8/2026,4,4,0,4
https://manage.wix.com/analytics-ng/assets/svg/placeholder.svg,Unsecured Business Lines of Credit: Fast Funding Guide,5/7/2026,"Business Credit,Same-Day Business Funding,Reviews & Comparisons",8214e2f8-1a1c-4b48-a940-819ccf65113b,5/7/2026,2,2,0,2
https://manage.wix.com/analytics-ng/assets/svg/placeholder.svg,The SBA 7(a) Loan Playbook for First-Time Business Buyers,5/6/2026,"Acquisition Financing,Reviews & Comparisons",c2878538-4e0d-42ba-8ab6-486a74bc8cc1,5/6/2026,5,5,0,5
https://manage.wix.com/analytics-ng/assets/svg/placeholder.svg,How to Buy a Business on Empire Flippers (And Actually Get It Funded),5/5/2026,Acquisition Financing,8f84926a-a771-42da-b8e9-aee1ab28ebf3,5/5/2026,8,8,0,8
https://manage.wix.com/analytics-ng/assets/svg/placeholder.svg,Deferred Transactions vs. Account Level Reserve: Why Your Amazon Payout Report Changed in 2026,5/4/2026,eCommerce Seller Funding,dbf20463-df6e-49d5-9abb-68b6e94988e2,5/4/2026,34,25,0,27
https://manage.wix.com/analytics-ng/assets/svg/placeholder.svg,Payability Review (2026): Daily Payouts for Amazon & TikTok Sellers — Legit or Expensive?,5/2/2026,"eCommerce Seller Funding,Same-Day Business Funding",2fdb43e3-8cd2-4779-8e93-69d22b6ed70f,5/2/2026,20,16,0,17
https://manage.wix.com/analytics-ng/assets/svg/placeholder.svg,Getting Instant Business Loan Quotes: Your Fast Track to Cash Flow,5/1/2026,"Gig Worker Funding,Business Funding,Same-Day Business Funding",4d66dc23-12ac-46dd-b01c-d2f43f1c397e,5/1/2026,4,4,0,4
https://manage.wix.com/analytics-ng/assets/svg/placeholder.svg,Moonshine Capital Explained: Fairfax County's Financial Tale,4/30/2026,"Same-Day Business Funding,Reviews & Comparisons,Gig Worker Funding,Business Funding",eb4336ba-2782-4bd7-b50f-50de5337e9ad,4/30/2026,3,3,0,3
https://manage.wix.com/analytics-ng/assets/svg/placeholder.svg,How to Start as Loan Broker and Dominate the Business Loan Market,4/29/2026,Loan Broker & Affiliate Program,3583ac19-034f-4448-8bb0-b7510929c20b,4/29/2026,8,6,0,7
https://manage.wix.com/analytics-ng/assets/svg/placeholder.svg,Merchant Cash Advance vs. Bank Loan: A Side-by-Side Comparison of Speed Cost and Approval Odds,4/29/2026,"Business Funding,Gig Worker Funding,Same-Day Business Funding",21f150aa-43f1-47e9-8f3b-64e60f2a8eed,5/2/2026,3,3,0,3
https://manage.wix.com/analytics-ng/assets/svg/placeholder.svg,Loans for Contractors with Bad Credit: Getting Cash When Banks Say No,4/28/2026,"Same-Day Business Funding,Payment Processing,Gig Worker Funding,Business Funding",475a22b0-c5d6-417b-81d3-805b612f6af2,4/28/2026,4,4,0,4
https://manage.wix.com/analytics-ng/assets/svg/placeholder.svg,Understanding Instant Loan Quotes for Your Business,4/27/2026,"Same-Day Business Funding,Business Funding,Gig Worker Funding",83aed223-4b12-4974-8fc1-ef057e7b9275,4/27/2026,3,3,0,3
https://manage.wix.com/analytics-ng/assets/svg/placeholder.svg,Wix Seller Financing: Funding Options for Wix Stores,4/25/2026,"eCommerce Seller Funding,Same-Day Business Funding",6b458c1f-a7f2-4944-bf1b-155bd0cc737f,4/25/2026,8,7,0,8
https://manage.wix.com/analytics-ng/assets/svg/placeholder.svg,Guidant Financial Review (2026): ROBS Financing Explained – Costs Pros & Who Should Use It,4/24/2026,Same-Day Business Funding,04a09801-b7fc-4d95-8253-b6dc04ca285c,4/24/2026,17,14,0,16
https://manage.wix.com/analytics-ng/assets/svg/placeholder.svg,Business Credit Builders: Your Path to Stronger Finances with Business Credit Improvement Tools,4/23/2026,"Business Credit,AI Automation & Finance Ops",7e73907d-93ff-4c9f-a3b8-dad1a67f4f0c,4/23/2026,5,5,0,5
https://manage.wix.com/analytics-ng/assets/svg/placeholder.svg,Business Loan Broker Requirements for Beginners (2026),4/22/2026,Unknown,e91a2e35-c3fb-4a9a-a0f7-61b08aeaaa05,4/23/2026,10,9,1,10
https://manage.wix.com/analytics-ng/assets/svg/placeholder.svg,Fast Business Funding: Get Your Instant Business Loan Quote Today,4/21/2026,Same-Day Business Funding,2f1261c8-1521-4fd2-b58b-5ff643ab4eb4,4/23/2026,7,6,0,7
https://manage.wix.com/analytics-ng/assets/svg/placeholder.svg,How a Small Business Loan Broker Helps You Win Fast Capital,4/20/2026,Loan Broker & Affiliate Program,d06e3e43-e1b7-4a92-a4e0-eaf18d7a6c6b,4/20/2026,2,2,0,2
https://manage.wix.com/analytics-ng/assets/svg/placeholder.svg,Insights from Our Entrepreneur Pitch Event Key Takeaways and Success Stories for Aspiring Founders,4/19/2026,,53884358-6435-48e9-9d0f-d077a6f8559b,4/19/2026,3,3,0,3
https://manage.wix.com/analytics-ng/assets/svg/placeholder.svg,Contractor Financing With Bad Credit: How to Get Approved Fast (Even With a Low Score),4/19/2026,"Business Funding,Business Credit,Gig Worker Funding",8b30c62c-5185-4cb7-9327-6c8300cf08cb,4/20/2026,6,6,0,6
https://manage.wix.com/analytics-ng/assets/svg/placeholder.svg,Loan Broker Affiliate Income: What You Need to Know to Win Big,4/18/2026,Unknown,78c506c4-b093-4fbc-be80-733b8a8420d0,4/19/2026,14,11,0,12
https://manage.wix.com/analytics-ng/assets/svg/placeholder.svg,Exploring Business Loans for Poor Credit: What You Need to Know,4/18/2026,"Business Funding,Gig Worker Funding,Same-Day Business Funding",9a9a4023-256e-4175-b2fc-1cb9bd377198,4/19/2026,6,6,0,6
https://manage.wix.com/analytics-ng/assets/svg/placeholder.svg,Best Trucking Loans for Owner-Operators with Bad Credit,4/17/2026,"Same-Day Business Funding,Gig Worker Funding,Business Funding",f12255fb-8b03-424a-99f2-1ebb50a896f2,4/17/2026,6,5,0,5
https://manage.wix.com/analytics-ng/assets/svg/placeholder.svg,Why Partnering with Moonshine Capital is the Best Home-Based Business Opportunity,4/17/2026,Unknown,c068e205-f14b-4463-bda7-45a4f1de4a19,4/17/2026,2,2,0,2
https://manage.wix.com/analytics-ng/assets/svg/placeholder.svg,Starting a Commercial Loan Broker Business: Your Fast Track to Speed Capital,4/17/2026,Loan Broker & Affiliate Program,158a47ad-64a2-4530-b1a4-7e06e84dd0f5,4/17/2026,1,1,0,1
https://manage.wix.com/analytics-ng/assets/svg/placeholder.svg,Understanding Rates for Revenue-Based Funding,4/16/2026,"Business Funding,Same-Day Business Funding",0d4eebd8-393c-48cb-a0d6-0c3077a35833,4/17/2026,5,5,0,5
https://manage.wix.com/analytics-ng/assets/svg/placeholder.svg,Discover Quick Cash Solutions for Gig Workers: Quick Funding for Freelancers,4/16/2026,Unknown,c33c0cc7-1fbf-4def-b381-f22c5b87c097,4/16/2026,6,4,0,4
https://manage.wix.com/analytics-ng/assets/svg/placeholder.svg,Get Instant Business Loan Quotes Online: Your Fast Track to Cash Flow Freedom,4/16/2026,Unknown,8c260eca-a4f1-4e4f-b1fb-0c04615cea52,4/16/2026,2,2,0,2
https://manage.wix.com/analytics-ng/assets/svg/placeholder.svg,Instant Business Funding: Same-Day Business Funding Solutions for the Hustlers Who Need It Now,4/15/2026,"Same-Day Business Funding,Gig Worker Funding,Business Funding",934fa01d-ad57-4c09-8747-b4e6935fea51,4/17/2026,1,1,0,1
https://manage.wix.com/analytics-ng/assets/svg/placeholder.svg,Contractor Loans Bad Credit: How to Get Funded When Banks Say No,4/15/2026,"Gig Worker Funding,Same-Day Business Funding,Reviews & Comparisons",60619929-245f-4e61-b530-91db0ddc5eb5,4/15/2026,2,2,0,2
https://manage.wix.com/analytics-ng/assets/svg/placeholder.svg,Fast Gig Worker Loans: Fast Cash Solutions for Gig Workers,4/14/2026,"Gig Worker Funding,Same-Day Business Funding",4e4d0296-9de2-44c6-9f3c-7e005a308c30,4/14/2026,4,4,0,4
https://manage.wix.com/analytics-ng/assets/svg/placeholder.svg,How to Start a Loan Broker Career and Become a Successful Business Loan Broker,4/14/2026,Loan Broker & Affiliate Program,5ce4bfaa-7713-45cf-8234-abc706eb37c9,4/14/2026,11,6,0,9
https://manage.wix.com/analytics-ng/assets/svg/placeholder.svg,Loans Like Giggle Finance: 9 Smart Funding Options for Gig Workers Self-Employed Borrowers and Bad-Credit Applicants,4/13/2026,"Gig Worker Funding,Same-Day Business Funding,Reviews & Comparisons",99e93a1f-2bad-4b4a-a76f-4556b655ad44,4/13/2026,34,27,0,29
https://manage.wix.com/analytics-ng/assets/svg/placeholder.svg,I Want to Buy a Business on Flippa — What Financing Do I Actually Need?,4/10/2026,"Acquisition Financing,Business Funding",a153066e-6eb6-4c6d-8c31-032d177af892,4/10/2026,7,6,0,6
https://manage.wix.com/analytics-ng/assets/svg/placeholder.svg,Why the National Electrical Contractors Association (NECA) Endorses Alternative Funding over Banks,4/9/2026,"Same-Day Business Funding,Gig Worker Funding,Business Funding",ef003aa1-e320-4dbb-b85e-1eb99adcf387,4/9/2026,4,3,0,3
https://manage.wix.com/analytics-ng/assets/svg/placeholder.svg,Why Micro-Acquisitions Are the Best-Kept Secret in SMB Investing,4/7/2026,"Acquisition Financing,Business Funding,Reviews & Comparisons",878a2d99-ebdd-40d1-854d-5afc4aff001f,4/7/2026,4,4,0,4
https://manage.wix.com/analytics-ng/assets/svg/placeholder.svg,NECA-Approved Business Funding for Electrical Contractors: Same-Day Capital vs. 60-Day Bank Delays,4/6/2026,"Same-Day Business Funding,Business Funding,Reviews & Comparisons,Gig Worker Funding",31b99481-f179-48db-a58c-6bc2979fc138,4/6/2026,17,2,0,15
https://manage.wix.com/analytics-ng/assets/svg/placeholder.svg,Business Credit Workshop Review (2026): Legit Course or Overhyped? Real Costs & Who It's For,4/3/2026,Business Credit,1bfabcbb-027f-4851-817e-950edded8340,4/3/2026,8,7,0,7
https://manage.wix.com/analytics-ng/assets/svg/placeholder.svg,Fast Business Funding: How to Get Approved in 24–48 Hours (Without Getting Burned),3/30/2026,"Same-Day Business Funding,Business Funding,Gig Worker Funding",dd8c5fbc-994d-45c7-af6b-b5354fdbb832,3/30/2026,3,3,0,3
https://manage.wix.com/analytics-ng/assets/svg/placeholder.svg,Uber Driver Business Loans: Approval Tips When Your Income Is Irregular,3/25/2026,"Gig Worker Funding,Same-Day Business Funding",958aa8d7-1565-4323-b1a8-e6922bf1e5d0,4/13/2026,5,4,0,5
https://manage.wix.com/analytics-ng/assets/svg/placeholder.svg,Business Loan Intermediary: How a Loan Broker Gets You Fast Capital,3/24/2026,Same-Day Business Funding,d3c33ccd-e0c9-4656-b584-84c2cfd289f1,3/24/2026,3,3,0,3
https://manage.wix.com/analytics-ng/assets/svg/placeholder.svg,Nav Review 2026: Track PAYDEX & Get Funding-Ready Faster,3/23/2026,Business Credit,491512be-c9eb-4104-b5be-12c54ab49731,3/25/2026,11,9,0,9
https://manage.wix.com/analytics-ng/assets/svg/placeholder.svg,8fig Review (2026): Legit Ecommerce Funding or Overhyped?,3/20/2026,"eCommerce Seller Funding,Same-Day Business Funding",5410ad62-fbf6-4c4e-aa2e-ef694a378b16,3/20/2026,192,177,0,178
https://manage.wix.com/analytics-ng/assets/svg/placeholder.svg,How to Build Business Credit: Steps That Actually Work,3/18/2026,Business Credit,9aa92034-071e-4f5b-885e-bb030dd8dda6,3/18/2026,3,3,0,3
https://manage.wix.com/analytics-ng/assets/svg/placeholder.svg,DSCR Loans for Rental Portfolios: How Investors Scale Faster,3/17/2026,Real Estate Funding,7101619d-7103-4e8c-8a59-f7d84c2d0c01,3/17/2026,1,1,0,1
https://manage.wix.com/analytics-ng/assets/svg/placeholder.svg,The Loan Broker’s Guide to Residual Commissions and Long-Term Equity,3/16/2026,Unknown,edcdbe3f-0177-46e3-b09b-545f97af0c64,3/16/2026,5,5,0,5
https://manage.wix.com/analytics-ng/assets/svg/placeholder.svg,SBA Loans for Minorities: Overcoming Barriers to Capital in 2026,3/13/2026,"eCommerce Seller Funding,Business Funding,Reviews & Comparisons",8b5acaea-4c37-4163-b2b4-9d66184475f4,3/13/2026,14,14,0,14
https://manage.wix.com/analytics-ng/assets/svg/placeholder.svg,Credit Card Stacking Strategies for Startups: Risk vs. Reward,3/12/2026,"Business Credit,Same-Day Business Funding,eCommerce Seller Funding",54c1a5bd-b8f5-4a51-9353-08fe6ee21e4f,3/12/2026,6,6,0,6
https://manage.wix.com/analytics-ng/assets/svg/placeholder.svg,Business Acquisition Loans: How to Finance Buying a Small Business,3/11/2026,"Acquisition Financing,Reviews & Comparisons",e2e885ce-a37e-46ce-901b-05b1b23804c5,3/11/2026,4,3,0,3
https://manage.wix.com/analytics-ng/assets/svg/placeholder.svg,Commercial Loan Broker Training: How to Close Your First Deal,3/10/2026,Loan Broker & Affiliate Program,6d4d7421-d204-448d-874d-b038c0916f54,3/10/2026,2,2,0,2
https://manage.wix.com/analytics-ng/assets/svg/placeholder.svg,Getting Same-Day Business Financing Simplified,3/9/2026,"Same-Day Business Funding,Gig Worker Funding,Business Funding",510a2c65-4436-48a7-a219-6ef57c057b74,3/9/2026,3,3,0,3
https://manage.wix.com/analytics-ng/assets/svg/placeholder.svg,Buying Businesses with Loans: Small Business Acquisition Loans Explained,3/6/2026,"Acquisition Financing,Reviews & Comparisons",c2c4dd58-184c-4487-957f-eb676caa4d87,3/6/2026,3,3,0,3
https://manage.wix.com/analytics-ng/assets/svg/placeholder.svg,Starting a Business Loan Broker Career - Your No-Nonsense Guide,3/5/2026,Unknown,b7a99828-d1e2-47f7-a4a6-bcaf2b8a8c5f,4/13/2026,26,23,0,25
https://manage.wix.com/analytics-ng/assets/svg/placeholder.svg,Nontraditional Business Funding: How to Get Cash When Banks Say No,3/4/2026,"Business Funding,Gig Worker Funding,Same-Day Business Funding",c7b0cde7-2b43-44b1-8439-b5b1a1a89d15,3/4/2026,4,4,0,4
https://manage.wix.com/analytics-ng/assets/svg/placeholder.svg,Lendio vs. David Allen Capital Agent Program: Who Pays More in 2026?,3/3/2026,,d361a8bc-8ee3-4c5d-ba0b-c075d01a23b6,3/6/2026,95,79,0,81
https://manage.wix.com/analytics-ng/assets/svg/placeholder.svg,Insurance Agents: Stop Losing Trucking Renewals to Cash Flow (The Premium Finance Secret),3/2/2026,"Reviews & Comparisons,Loan Broker & Affiliate Program",dc360082-2595-4673-a59f-86d9713c01f7,3/2/2026,4,4,0,4
https://manage.wix.com/analytics-ng/assets/svg/placeholder.svg,Getting a Business Loan Approved: Securing a Business Loan Made Easy,3/1/2026,Same-Day Business Funding,69c49074-d7c1-4f5e-bbf2-489b78fabe4a,3/1/2026,3,3,0,3
https://manage.wix.com/analytics-ng/assets/svg/placeholder.svg,Top Wix Funding Apps to Supercharge Your Nonprofit Initiatives,2/28/2026,"Reviews & Comparisons,AI Automation & Finance Ops",1595b845-0aef-4fde-82f4-80e85a787ad2,2/28/2026,32,17,0,31
https://manage.wix.com/analytics-ng/assets/svg/placeholder.svg,The No-Doc Startup Loan: How to Fund Your LLC with Personal Credit,2/28/2026,"Business Credit,Business Funding",1f718b23-1af6-4cbd-b6e0-c4b24df266ec,3/6/2026,14,11,0,11
https://manage.wix.com/analytics-ng/assets/svg/placeholder.svg,Flexible No Collateral Credit Lines: Your Secret Weapon for Fast Business Cash,2/27/2026,Business Credit,6a38ee70-070f-41a9-afcb-3049cd0d8634,2/27/2026,10,10,0,10
https://manage.wix.com/analytics-ng/assets/svg/placeholder.svg,Moonshine Capital: Innovative Business Financing for the Hustlers Who Keep America Moving,2/26/2026,"Same-Day Business Funding,Business Funding,Gig Worker Funding",e1b92cfc-8062-4a34-8fb3-ea9c12f42741,2/27/2026,5,4,0,4
https://manage.wix.com/analytics-ng/assets/svg/placeholder.svg,Small Business Acquisition Loans and Buying Business Loans Demystified,2/26/2026,"Acquisition Financing,eCommerce Seller Funding,Business Funding",ee925285-0b1a-4d2b-bbcf-5238554d956f,2/27/2026,10,4,0,5
https://manage.wix.com/analytics-ng/assets/svg/placeholder.svg,Quick Small Business Loans: Your No-Nonsense Guide to Fast Capital,2/25/2026,"Same-Day Business Funding,Reviews & Comparisons,Gig Worker Funding,Business Funding",fa37f071-9905-405c-91cf-7702e256fd8e,2/27/2026,9,8,0,9
https://manage.wix.com/analytics-ng/assets/svg/placeholder.svg,Get Business Funding in 24 Hours: Your Fast Track to Cash Flow Freedom,2/24/2026,"Same-Day Business Funding,Business Funding,Gig Worker Funding",f1c2fe83-84b9-461f-b582-ab2c0ab95e0c,2/24/2026,17,14,0,15
https://manage.wix.com/analytics-ng/assets/svg/placeholder.svg,The Soft Pull Construction Loans Guide: Protect Your Personal Credit Score,2/23/2026,"Business Funding,Reviews & Comparisons",b17f9876-cab3-4a6a-bed6-04b62c1f24cb,2/23/2026,10,10,0,10
https://manage.wix.com/analytics-ng/assets/svg/placeholder.svg,7 Better Shopify Capital Alternatives for Fast eCommerce Funding,2/22/2026,"eCommerce Seller Funding,Business Funding,Same-Day Business Funding,Gig Worker Funding",0cb4d454-046f-4a95-8a3d-7d251d70926f,2/22/2026,45,36,0,43
https://manage.wix.com/analytics-ng/assets/svg/placeholder.svg,How to Get a Startup Loan with Only an EIN (No SSN Required),2/20/2026,"Gig Worker Funding,eCommerce Seller Funding,Business Funding,Business Credit",1d446462-8f7f-4f0e-a125-386fc98995ee,2/20/2026,164,126,0,145
https://manage.wix.com/analytics-ng/assets/svg/placeholder.svg,TikTok Shop Payout Delays: Why You Aren't Getting Paid and How to Survive the 'Viral Curse',2/19/2026,"eCommerce Seller Funding,Gig Worker Funding,Business Funding,Reviews & Comparisons",42121d7e-1875-442d-b1eb-8c44842cd7d8,2/19/2026,107,91,0,96
https://manage.wix.com/analytics-ng/assets/svg/placeholder.svg,Fast-Track Quick Small Business Loans: Your No-Nonsense Guide to Speedy Capital,2/18/2026,"Business Funding,Gig Worker Funding,Reviews & Comparisons",6e88c4f3-06f2-49fd-919b-3bbc6df0f9ac,2/20/2026,34,32,1,32
https://manage.wix.com/analytics-ng/assets/svg/placeholder.svg,Small Business Acquisition Loan Guide: How to Buy a Business Without Getting Smoked,2/17/2026,"Acquisition Financing,Business Funding",f1691567-5201-4142-84ee-f8b3352c08da,2/17/2026,7,4,0,4
https://manage.wix.com/analytics-ng/assets/svg/placeholder.svg,Starting Your Commercial Loan Broker Business - A Beginner Loan Broker Guide,2/16/2026,Reviews & Comparisons,292d2d4e-96b4-41cc-89b1-802eeacb6775,2/16/2026,11,11,0,11
https://manage.wix.com/analytics-ng/assets/svg/placeholder.svg,How to Finance Inventory Without a Credit Check: The Supply Chain Health Method,2/13/2026,"eCommerce Seller Funding,Gig Worker Funding,Business Funding",07b95e4f-5d06-4e4b-950e-76636f8e7933,2/13/2026,6,5,0,6
https://manage.wix.com/analytics-ng/assets/svg/placeholder.svg,Is Payability a Scam? The Math of Inventory Velocity vs. The 2% Fee,2/12/2026,"eCommerce Seller Funding,Business Funding",e655128e-4fb3-4593-a620-dda87685c878,2/12/2026,6,5,0,5
https://manage.wix.com/analytics-ng/assets/svg/placeholder.svg,Is Your MCA Killing Your Business? The Math Behind 1.4x Factor Rates vs 8fig's Flat Fee,2/11/2026,"eCommerce Seller Funding,Business Funding,Reviews & Comparisons",75c57040-1a38-46b6-a20a-7b20de4a8faa,2/11/2026,3,3,0,3
https://manage.wix.com/analytics-ng/assets/svg/placeholder.svg,Understanding Business Loans for Poor Credit: What You Need to Know,2/10/2026,"Business Funding,Reviews & Comparisons",9acc4e8c-040d-4586-9c47-6678b23abac1,2/12/2026,22,18,0,19
https://manage.wix.com/analytics-ng/assets/svg/placeholder.svg,Hard Money vs. Bank Loans: Why 'Expensive' Money is Cheaper for Flippers,2/9/2026,"Real Estate Funding,Reviews & Comparisons",3be1cc24-cdff-403f-b32c-4db543aa2a59,2/9/2026,22,21,0,21
https://manage.wix.com/analytics-ng/assets/svg/placeholder.svg,Your Competitor Just Closed—Here's How to Buy Their Business in 72 Hours (Without a Bank),2/4/2026,"Acquisition Financing,Business Funding",1c8b14d2-c0bb-4f8f-b560-456e839ed68c,2/4/2026,8,7,0,7
https://manage.wix.com/analytics-ng/assets/svg/placeholder.svg,Inventory vs. Cash Flow: Why You Should Finance Your Bulk Food Orders Instead of Paying Cash,2/3/2026,"Business Funding,eCommerce Seller Funding,Reviews & Comparisons",cdff109b-0eaf-430b-a937-5c58d4f44495,2/3/2026,6,5,0,5
https://manage.wix.com/analytics-ng/assets/svg/placeholder.svg,Steal Our Funding Agency Automations (10 Free n8n Templates),2/2/2026,"AI Automation & Finance Ops,Loan Broker & Affiliate Program",df6ee135-f76d-4441-8dce-9cc7dffc4ce5,2/2/2026,8,7,0,7
https://manage.wix.com/analytics-ng/assets/svg/placeholder.svg,Factor Rate vs APR: What Small Business Owners Need to Know Before Borrowing,2/1/2026,"Business Funding,Reviews & Comparisons,Gig Worker Funding",8a7385f1-e23f-4902-96b1-96e0a039bb5b,2/1/2026,6,4,0,6
https://manage.wix.com/analytics-ng/assets/svg/placeholder.svg,Inventory Financing for Ecommerce: How It Works + Who It's For,1/30/2026,"eCommerce Seller Funding,Reviews & Comparisons",e976b223-9805-411d-b09b-46ecc1e03807,1/30/2026,6,5,0,5
https://manage.wix.com/analytics-ng/assets/svg/placeholder.svg,Amazon DD+7 Reserve Policy: How to Bypass the 14-Day Hold & Unlock 'Deferred Transactions' Cash Today,1/29/2026,"eCommerce Seller Funding,Reviews & Comparisons",2bfa920d-5f18-4759-9f90-bde85a43e418,2/1/2026,22,18,0,20
https://manage.wix.com/analytics-ng/assets/svg/placeholder.svg,The Business Funding Blueprint: Mapping Capital to Growth,1/28/2026,Loan Broker & Affiliate Program,8ceb5679-e20d-464c-b6cb-1b8ee0df4f5e,1/28/2026,7,7,0,7
https://manage.wix.com/analytics-ng/assets/svg/placeholder.svg,Why Wayflyer Rejected Your Business (And Why Onramp Won't),1/27/2026,"eCommerce Seller Funding,Reviews & Comparisons,Business Funding",1fc8a3ff-70c4-4392-b348-1d652857baba,1/27/2026,6,6,0,6
https://manage.wix.com/analytics-ng/assets/svg/placeholder.svg,Bridging the Gap: Tailoring Capital to the Entrepreneurial Journey,1/26/2026,Loan Broker & Affiliate Program,3d256b53-6892-44a1-bbf0-c10f8faca9a6,1/26/2026,12,12,0,12
https://manage.wix.com/analytics-ng/assets/svg/placeholder.svg,Net-30/60/90 Isn’t “Standard”—It’s a Loan You’re Giving Clients,1/23/2026,"Business Funding,Business Credit,Reviews & Comparisons",6dc84d26-19b0-494f-ae79-a76a828f027f,2/2/2026,6,4,0,5
https://manage.wix.com/analytics-ng/assets/svg/placeholder.svg,The Growth Stack for Subscription Brands,1/22/2026,"eCommerce Seller Funding,Business Funding,Reviews & Comparisons",702df95a-f2d2-4439-b15f-0d3397902bfb,1/22/2026,10,9,0,10
https://manage.wix.com/analytics-ng/assets/svg/placeholder.svg,Understanding Revenue-Backed Business Loans for Growth,1/20/2026,"Gig Worker Funding,Business Funding",3aa40030-27e2-4e19-9341-7743124d5814,1/20/2026,7,5,0,6
https://manage.wix.com/analytics-ng/assets/svg/placeholder.svg,The Private Practice Tipping Point: How to Offset Medicare Fee Cuts with Revenue-Based Cash Flow,1/20/2026,"Business Funding,Gig Worker Funding",a859198b-21af-4fc4-9776-8d40059d2eb2,1/20/2026,17,17,0,17
https://manage.wix.com/analytics-ng/assets/svg/placeholder.svg,AI Lead Generation for Brokers: Rank Top 3 in 30 Days (Zero Budget),1/19/2026,Loan Broker & Affiliate Program,666fe695-0717-4d34-85ea-b196f742b498,1/19/2026,27,26,0,26
https://manage.wix.com/analytics-ng/assets/svg/placeholder.svg,Flexible Financing: Non-Collateral Business Credit That Works,1/19/2026,"Business Credit,Business Funding,Gig Worker Funding",2adfd8a2-662f-4d69-a33b-d858d59fa3f3,1/19/2026,6,6,0,6
https://manage.wix.com/analytics-ng/assets/svg/placeholder.svg,Bank Breezy Review (2026): The 'Meet or Beat' Funding Platform That’s Changing the Game,1/16/2026,"Gig Worker Funding,Business Funding",3b9f1f4f-2ff0-4963-99ec-8098da42e18b,1/16/2026,49,34,0,43
https://manage.wix.com/analytics-ng/assets/svg/placeholder.svg,Wayflyer vs. 8fig vs. Clearco: The Hidden Cost of Daily Repayments Revealed (2026 Data),1/15/2026,"eCommerce Seller Funding,Gig Worker Funding,Business Funding",561afeae-c4cd-410d-9bed-1b50cf8a9468,1/15/2026,2,2,0,2
https://manage.wix.com/analytics-ng/assets/svg/placeholder.svg,Short Term Business Funding Explained: Quick Funding Options for Hustlers Who Need Cash Now,1/14/2026,"Business Funding,Business Credit,Gig Worker Funding",6abc0cdb-e06e-4238-9fe2-459efbaea0fe,1/14/2026,7,5,0,7
https://manage.wix.com/analytics-ng/assets/svg/placeholder.svg,Speedy Startup Funding Solutions That Actually Work,1/13/2026,"Reviews & Comparisons,Business Funding",004660cf-c655-412f-9db2-d6f1dd7fc717,1/13/2026,4,4,0,4
https://manage.wix.com/analytics-ng/assets/svg/placeholder.svg,Crafting a Winning Business Plan: Your Blueprint for Business Plan Creation,1/12/2026,Reviews & Comparisons,39efbb1a-541a-4a5c-aca2-429439699379,1/12/2026,5,5,0,5
https://manage.wix.com/analytics-ng/assets/svg/placeholder.svg,Winning the Bid vs. Funding the Bid: How to Secure Material Financing for Firm Capacity Grid Projects,1/10/2026,Business Funding,b4e89b0a-7663-44b3-ae9d-33c982a48e52,1/10/2026,7,5,0,7
https://manage.wix.com/analytics-ng/assets/svg/placeholder.svg,The EV Charger Trap: Why You Need Upfront Capital for Charging Station Contracts Before the First Check Clears,1/8/2026,"Business Funding,Gig Worker Funding",a59ef77d-6081-410c-b3b5-d9e4fb855cf8,1/8/2026,4,4,0,4
https://manage.wix.com/analytics-ng/assets/svg/placeholder.svg,Marketing Money: How to Finance a Facebook Ad Campaign to Double Your Leads.,1/7/2026,"Business Funding,Gig Worker Funding",b3a2a137-c298-4d6c-91f3-ba4c68811cad,1/7/2026,7,7,0,7
https://manage.wix.com/analytics-ng/assets/svg/placeholder.svg,The Soft Pull Secret: How to Check Your Funding Eligibility Without Hurting Your Credit Score,1/6/2026,Business Funding,04dee391-a441-4c03-9dc1-e881303d8711,1/6/2026,4,4,0,4
https://manage.wix.com/analytics-ng/assets/svg/placeholder.svg,Onramp vs Payability vs 8fig (2026): Which Seller Funding Model Fits Your Business?,1/5/2026,"eCommerce Seller Funding,Business Funding",ca55fbcc-57da-4196-97ed-beb79c79cfe1,1/5/2026,25,23,0,23
https://manage.wix.com/analytics-ng/assets/svg/placeholder.svg,How to Finance Buying an Existing Business (Micro-Acquisition Funding Playbook),1/2/2026,"Acquisition Financing,Business Funding",298dd834-a0e6-4945-b68a-12b8047b1837,1/2/2026,10,10,0,10
https://manage.wix.com/analytics-ng/assets/svg/placeholder.svg,Understanding Instant Lines of Credit for Gig Workers,12/26/2025,Gig Worker Funding,e06ba8d7-f59b-40fe-985e-d144a4775ec9,1/6/2026,9,9,0,9
https://manage.wix.com/analytics-ng/assets/svg/placeholder.svg,How to Finance Your Online Business Acquisition (Content SaaS & E-commerce),12/24/2025,"Acquisition Financing,Business Funding,Reviews & Comparisons",71ddd428-2aeb-4bba-897c-eb759dfb8bdc,12/24/2025,9,7,0,9
https://manage.wix.com/analytics-ng/assets/svg/placeholder.svg,Get Real Numbers Not Guesses with a Personalized Funding Quote,12/23/2025,"Business Funding,Gig Worker Funding,Real Estate Funding,Business Credit,eCommerce Seller Funding,Acquisition Financing",af3292f6-0daa-43ed-9e20-fe3b1072494c,12/23/2025,4,4,0,4
https://manage.wix.com/analytics-ng/assets/svg/placeholder.svg,Building Business Credit as a Gig Worker (Yes It’s Possible),12/22/2025,"Business Credit,Business Funding,Gig Worker Funding",276f6c84-c14f-4eee-a46a-e9ff73e080a3,12/22/2025,3,3,0,3
https://manage.wix.com/analytics-ng/assets/svg/placeholder.svg,Instant Cash Advance for Gig Workers: Lifeline or Income Trap?,12/19/2025,"Gig Worker Funding,Business Funding",27907c68-f60e-40e4-815f-32e5a2042688,12/19/2025,28,24,0,25
https://manage.wix.com/analytics-ng/assets/svg/placeholder.svg,How to Get Paid Real Money as a Small Business Loan Broker (No Fluff No BS),12/18/2025,"AI Automation & Finance Ops,Loan Broker & Affiliate Program",ea5d2284-30b4-4668-9b48-27d0178f961a,12/18/2025,15,12,0,12
https://manage.wix.com/analytics-ng/assets/svg/placeholder.svg,How to Turn Your Gig Income into a Real Business (and Qualify for Better Funding),12/16/2025,"Gig Worker Funding,Business Funding",36b2149a-ad12-4db8-a9cc-cfaf28042dfd,12/16/2025,16,14,0,16
https://manage.wix.com/analytics-ng/assets/svg/placeholder.svg,Broker-in-a-Box vs. Building Your Own Shop: Pros Cons and Hidden Traps,12/15/2025,Loan Broker & Affiliate Program,75698686-61d5-4962-adb0-8613409c968d,12/15/2025,7,7,0,7
https://manage.wix.com/analytics-ng/assets/svg/placeholder.svg,Acquisition Financing for Small Businesses: How to Fund a Buyout Without Lighting Your Hair on Fire,12/13/2025,"Acquisition Financing,Business Funding",44460173-8045-4529-af25-a5f4ac52bb0c,12/13/2025,9,9,0,9
https://manage.wix.com/analytics-ng/assets/svg/placeholder.svg,How We Structured the Moonshine Capital Partner Program (So You’re Not Just a Lead Mule),12/10/2025,,6e67ff41-d7de-4977-89e6-5bccf642ab37,12/10/2025,9,7,0,8
https://manage.wix.com/analytics-ng/assets/svg/placeholder.svg,How to Build a Commission-Only Sales Team: The No-BS Blueprint for Recruiting and Leading Sub-Brokers,12/9/2025,,20597963-9643-4f7b-bd0b-2d699a876a30,12/9/2025,11,9,0,9
https://manage.wix.com/analytics-ng/assets/svg/placeholder.svg,The Best Fix and Flip Loans for 2026: Why Kiavi is the Real Investor’s Edge,12/4/2025,Real Estate Funding,19ece99f-1ad4-42f0-a952-86dcb94932e1,2/5/2026,15,12,0,14
https://manage.wix.com/analytics-ng/assets/svg/placeholder.svg,Business Funding Options Explained: Smarter Ways to Fund Your Business in 2025,12/2/2025,"Business Funding,Gig Worker Funding",f58179b3-8995-4f37-9bec-4555bed8bee8,12/2/2025,5,5,0,5
https://manage.wix.com/analytics-ng/assets/svg/placeholder.svg,Amazon Lending Alternatives (2026): Best Funding Options for Sellers,11/27/2025,"eCommerce Seller Funding,Business Funding",c8778111-e50d-40e1-a059-41e9d62c3054,2/17/2026,93,81,0,90
https://manage.wix.com/analytics-ng/assets/svg/placeholder.svg,Business Credit Card Stacking Playbook (0% for 12 Months),11/25/2025,"Business Credit,Business Funding,Resources",57d33667-08fa-4d03-b989-b8a8bbdd251b,11/25/2025,10,8,0,9
https://manage.wix.com/analytics-ng/assets/svg/placeholder.svg,Understanding How SBA Loans Work for Your Business,11/24/2025,"Business Funding,Reviews & Comparisons",8271c2e3-24ba-414b-a5d1-c3300e89a2e7,11/24/2025,1,1,0,1
https://manage.wix.com/analytics-ng/assets/svg/placeholder.svg,Understanding the Essentials of Commercial Real Estate Financing,11/21/2025,"Real Estate Funding,Reviews & Comparisons",21b6bf3d-e050-44dd-bf16-cdb7116b557b,11/21/2025,35,27,0,29
https://manage.wix.com/analytics-ng/assets/svg/placeholder.svg,Exploring Alternative Funding Solutions for Entrepreneurs,11/20/2025,"Business Funding,eCommerce Seller Funding",68aead75-d65f-4c79-ba1e-5ef1e1229db3,11/20/2025,2,2,0,2
https://manage.wix.com/analytics-ng/assets/svg/placeholder.svg,Advantages of SBA Loans for Small Businesses,11/17/2025,"Business Funding,Acquisition Financing",15300b09-52ca-48ea-8f03-6b193788d438,11/17/2025,5,4,0,5
https://manage.wix.com/analytics-ng/assets/svg/placeholder.svg,Micro-SaaS Acquisitions: Funding Options When EBITDA < $500K,9/30/2025,"Acquisition Financing,eCommerce Seller Funding,Business Funding",cf9bbdc6-e2f4-4dac-8576-74dfc1272296,10/1/2025,26,23,0,24
https://manage.wix.com/analytics-ng/assets/svg/placeholder.svg,Venture Capital for Acquisition Financing: How Startups Can Buy Their Way Into Growth,9/24/2025,Acquisition Financing,2dd7e8ca-7836-4b82-9d33-be7d2579554e,2/5/2026,23,15,0,22
https://manage.wix.com/analytics-ng/assets/svg/placeholder.svg,Equipment Financing for Gig-Economy Contractors,9/15/2025,Gig Worker Funding,e6d24474-2335-4f73-80c6-3c099484a7bc,9/15/2025,12,12,0,12
https://manage.wix.com/analytics-ng/assets/svg/placeholder.svg,Lima One Capital Alternatives for Small Investors (Faster & Cheaper?),9/9/2025,"Real Estate Funding,Business Funding",05703ede-ec76-4add-a6f7-8d3d0adf2a25,9/9/2025,21,20,0,20
https://manage.wix.com/analytics-ng/assets/svg/placeholder.svg,Fund&Grow Review 2026: 0% Credit Stacking for Up to $250K,9/8/2025,"Business Credit,eCommerce Seller Funding,Business Funding",a08b739c-27fe-4174-8856-f0690fb8b30c,2/10/2026,193,170,0,181
https://manage.wix.com/analytics-ng/assets/svg/placeholder.svg,Small Business Acquisition Loans: Fast Approval for Serious Buyers,9/4/2025,Acquisition Financing,b7c61f5b-b4d0-4eb1-8cea-5c9a8d6a378a,9/4/2025,10,10,0,10
https://manage.wix.com/analytics-ng/assets/svg/placeholder.svg,Crowdfunding Your First Commercial Property: Platforms to Watch,9/2/2025,"Real Estate Funding,Reviews & Comparisons",0d0e4b0e-2e75-49f9-8a1f-99fce17b1a6b,9/3/2025,22,21,0,22
https://manage.wix.com/analytics-ng/assets/svg/placeholder.svg,Instant Line of Credit for Gig Workers: 2026 Provider Comparison,9/1/2025,"Gig Worker Funding,Business Credit",89536624-f97e-4103-8404-8c0d0092503f,2/5/2026,51,40,0,46
https://manage.wix.com/analytics-ng/assets/svg/placeholder.svg,Government Grants vs Business Loans: What’s Faster in 2025?,8/29/2025,"Business Funding,Gig Worker Funding,eCommerce Seller Funding",3d4cda5e-72f1-4db7-b326-109ae15285fb,8/29/2025,4,4,0,4
https://manage.wix.com/analytics-ng/assets/svg/placeholder.svg,Shopify Working Capital Loans in 2026: The Secret Weapon for DTC Brands Scaling to 7 Figures,8/29/2025,"Business Funding,Gig Worker Funding,eCommerce Seller Funding",1de1902f-672d-45b3-b37a-b83e3dbd873e,2/5/2026,8,8,0,8
https://manage.wix.com/analytics-ng/assets/svg/placeholder.svg,SellersFi Review (2026): Costs Speed & Alternatives,8/27/2025,"eCommerce Seller Funding,Business Funding",ebd3536e-4273-47a6-ba4a-1d3e0b706cb9,5/1/2026,460,446,0,448
"https://static.wixstatic.com/media/d981d2_b487956dd1b84615b69f754e5382ae60~mv2.png/v1/fill/w_50,h_50,al_c,q_80,usm_0.66_1.00_0.01/d981d2_b487956dd1b84615b69f754e5382ae60~mv2.png",Gig Worker Loans: The Lifeline Every Seller & Side-Hustler Needs (But Banks Won’t Give),8/26/2025,"Gig Worker Funding,Business Funding",8e7e74c4-6d50-4f0e-8cf9-400d2295cfd1,8/26/2025,133,117,0,124
"https://static.wixstatic.com/media/d981d2_1874f966a8a8411aace83aa40208987d~mv2.png/v1/fill/w_50,h_50,al_c,q_80,usm_0.66_1.00_0.01/d981d2_1874f966a8a8411aace83aa40208987d~mv2.png",Viably Line of Credit: Flexible Funding for E-Commerce Growth,8/25/2025,"Business Credit,Business Funding,Resources",8e886db6-ed37-4e8b-a05e-6727c5eedc81,8/25/2025,5,5,0,5
"https://static.wixstatic.com/media/d981d2_87dec6a6b18d42b987b83531b4f8eb85~mv2.png/v1/fill/w_50,h_50,al_c,q_80,usm_0.66_1.00_0.01/d981d2_87dec6a6b18d42b987b83531b4f8eb85~mv2.png",Revenue‑Based Financing Myths Debunked,8/25/2025,"Business Funding,Acquisition Financing",55152bc0-ea4b-4187-9a1a-4e916e9ceeeb,8/25/2025,13,11,0,13
"https://static.wixstatic.com/media/d981d2_4aa60a37e8704bbaaad14ff93dd3d669~mv2.png/v1/fill/w_50,h_50,al_c,q_80,usm_0.66_1.00_0.01/d981d2_4aa60a37e8704bbaaad14ff93dd3d669~mv2.png",Key Insights into Fix and Flip Financing for Real Estate Investors,8/23/2025,Real Estate Funding,bd6a9233-00fe-4222-b294-0c4edcedda45,8/26/2025,11,11,0,11
"https://static.wixstatic.com/media/d981d2_0536cf83721c43c5b99004d8e8aaa2a8~mv2.png/v1/fill/w_50,h_50,al_c,q_80,usm_0.66_1.00_0.01/d981d2_0536cf83721c43c5b99004d8e8aaa2a8~mv2.png",The Untold Truth About Loan Broker Commissions That's Breaking Your Wallet 🧨,8/22/2025,,06f0aeb6-eb88-4880-9816-dcfe7e12a159,8/22/2025,12,10,0,10
"https://static.wixstatic.com/media/d981d2_ad80841949894aac8ff560bb40c1db72~mv2.png/v1/fill/w_50,h_50,al_c,q_80,usm_0.66_1.00_0.01/d981d2_ad80841949894aac8ff560bb40c1db72~mv2.png",How 8fig Growth Funding Helps eCommerce Brands Scale,8/21/2025,"Business Funding,Reviews & Comparisons",cc8df287-b990-4796-912a-194aa0eb8d40,8/21/2025,3,3,0,3
"https://static.wixstatic.com/media/d981d2_79ed513b79e04c269af04b2cf3a08a17~mv2.png/v1/fill/w_50,h_50,al_c,q_80,usm_0.66_1.00_0.01/d981d2_79ed513b79e04c269af04b2cf3a08a17~mv2.png",Is ROK Financial Legit or Too Good to Be True?,8/20/2025,"Business Funding,Acquisition Financing",9dd4c270-0cb9-485c-84e5-b4320ef47512,8/20/2025,118,99,0,111
https://manage.wix.com/analytics-ng/assets/svg/placeholder.svg,Revenue-Based Buyouts for SaaS Acquisitions: Smarter Financing in 2026,8/19/2025,"Acquisition Financing,Business Funding",60440864-bc6e-4274-a031-e008c5a97318,2/24/2026,27,20,0,23
https://manage.wix.com/analytics-ng/assets/svg/placeholder.svg,Prompt Engineering for Finance Pros: 10 Prompts That Outperform a Junior Analyst,8/18/2025,"AI Automation & Finance Ops,Loan Broker & Affiliate Program",0ede8cb4-aff0-41dc-a17b-d49946de56ce,8/18/2025,13,11,0,11
"https://static.wixstatic.com/media/d981d2_f29cbe689d1f4933ae3f1a0017daed68~mv2.png/v1/fill/w_50,h_50,al_c,q_80,usm_0.66_1.00_0.01/d981d2_f29cbe689d1f4933ae3f1a0017daed68~mv2.png",Ready to Rake in Cash? Uncover the Secrets of Business Loan Affiliate Programs! 🪙,8/15/2025,Loan Broker & Affiliate Program,be268ce4-98ac-4358-9b75-64cb3b02fc42,8/15/2025,87,70,0,76
"https://static.wixstatic.com/media/d981d2_1731d3a6d7134e99a5de73518d57b8bc~mv2.png/v1/fill/w_50,h_50,al_c,q_80,usm_0.66_1.00_0.01/d981d2_1731d3a6d7134e99a5de73518d57b8bc~mv2.png",Separate Business Bank Accounts: Why Not Having One Could Be Your Biggest Mistake Yet!,8/14/2025,"Resources,Reviews & Comparisons",d7f78bb3-0c7d-409d-823f-d914b37f14cb,8/14/2025,11,9,0,9
"https://static.wixstatic.com/media/d981d2_9e21facdec1a45d39c1c4341a5338433~mv2.png/v1/fill/w_50,h_50,al_c,q_80,usm_0.66_1.00_0.01/d981d2_9e21facdec1a45d39c1c4341a5338433~mv2.png",Instant Micro Funding: What It Is Who Qualifies and How Fast You Get Cash,8/13/2025,"Gig Worker Funding,AI Automation & Finance Ops,Resources,Business Funding",d60f1d69-4618-4730-a433-faaa24c6d215,8/13/2025,29,29,0,29
"https://static.wixstatic.com/media/d981d2_32f3d2c294d34a3b9cd60c70f91d0731~mv2.png/v1/fill/w_50,h_50,al_c,q_80,usm_0.66_1.00_0.01/d981d2_32f3d2c294d34a3b9cd60c70f91d0731~mv2.png",Seller Financing 101: How to Structure a Win-Win Buyout for Retiring Boomers,8/12/2025,"Business Funding,Real Estate Funding,Gig Worker Funding,Reviews & Comparisons,Resources",efcaf4cc-a513-48bd-87d0-76a424a3d88b,8/13/2025,25,19,0,23
"https://static.wixstatic.com/media/d981d2_8b087f84e24a4250bad67b924733ecd0~mv2.png/v1/fill/w_50,h_50,al_c,q_80,usm_0.66_1.00_0.01/d981d2_8b087f84e24a4250bad67b924733ecd0~mv2.png",No-PG Business Lines of Credit: Myth or Legit Opportunity?,8/8/2025,Business Credit,5fcb05d9-f330-4308-a062-eaf7b1976e9b,8/8/2025,25,22,0,24
"https://static.wixstatic.com/media/d981d2_cafb63c5046445bd88b1f854197cc702~mv2.png/v1/fill/w_50,h_50,al_c,q_80,usm_0.66_1.00_0.01/d981d2_cafb63c5046445bd88b1f854197cc702~mv2.png",Zapier vs Make.com: Which Automation Saves Loan Brokers More Time?,8/7/2025,Loan Broker & Affiliate Program,f2ba5340-f95c-4024-b3a0-295685e142a7,8/7/2025,1,1,0,1
"https://static.wixstatic.com/media/d981d2_eddba73bc68d4a579e9c8cd6836e69e7~mv2.png/v1/fill/w_50,h_50,al_c,q_80,usm_0.66_1.00_0.01/d981d2_eddba73bc68d4a579e9c8cd6836e69e7~mv2.png",Capital-as-a-Service: Why SaaS Platforms Are Becoming the Next Lenders,8/6/2025,"Loan Broker & Affiliate Program,AI Automation & Finance Ops,Resources,Services",ba931b88-229e-47bc-aa14-c14769299e4b,8/6/2025,69,67,0,68
"https://static.wixstatic.com/media/d981d2_e35e399b0deb4c768037c7e1308d6bf8~mv2.png/v1/fill/w_50,h_50,al_c,q_80,usm_0.66_1.00_0.01/d981d2_e35e399b0deb4c768037c7e1308d6bf8~mv2.png",Loan Stacking: Dangerous Trap or Smart Growth Strategy?,8/5/2025,"Business Funding,Real Estate Funding,Gig Worker Funding",fe0e5858-efdb-49fd-b484-8874d3b79aed,8/5/2025,15,12,0,13
"https://static.wixstatic.com/media/d981d2_532c5735cca94b6db5e9f5db78850302~mv2.png/v1/fill/w_50,h_50,al_c,q_80,usm_0.66_1.00_0.01/d981d2_532c5735cca94b6db5e9f5db78850302~mv2.png",AI Toolkit for Loan Brokers: Unleashing the Power of AI to Transform Your Career 🧠,8/4/2025,"Loan Broker & Affiliate Program,AI Automation & Finance Ops",e10b19a6-1a05-4dad-a30d-635a2a98e7f9,8/4/2025,12,12,0,12
"https://static.wixstatic.com/media/d981d2_68da10b98bb34c78bc52d06a7c9bc53a~mv2.png/v1/fill/w_50,h_50,al_c,q_80,usm_0.66_1.00_0.01/d981d2_68da10b98bb34c78bc52d06a7c9bc53a~mv2.png",E-commerce Financing vs Revenue-Based Financing: Which Is Cheaper in 2025?,7/31/2025,"Business Funding,Resources",4ea9f31c-3604-403c-874d-dbe8f88e6e4d,7/31/2025,5,5,0,5
https://manage.wix.com/analytics-ng/assets/svg/placeholder.svg,DoorDash Driver Business Loan: How to Qualify Fast (Even With 1099 Income),7/29/2025,"Gig Worker Funding,Business Funding,eCommerce Seller Funding",72539baa-7566-4539-b57d-d96c3a355064,2/17/2026,571,458,0,505
"https://static.wixstatic.com/media/d981d2_ef77a06024ef45408db31c773e199788~mv2.jpg/v1/fill/w_50,h_50,al_c,q_80,usm_0.66_1.00_0.01/d981d2_ef77a06024ef45408db31c773e199788~mv2.jpg",VCs Are Just Payday Lenders in Patagonia Vests—Here’s a Better Way to Fund Your Dream,7/28/2025,"Gig Worker Funding,Business Funding",c9fb1172-07d9-4259-a088-fa38fb1bbdb3,7/28/2025,14,11,0,14
"https://static.wixstatic.com/media/d981d2_173eba2d07ea4dffaf8ef6185569f95d~mv2.jpg/v1/fill/w_50,h_50,al_c,q_80,usm_0.66_1.00_0.01/d981d2_173eba2d07ea4dffaf8ef6185569f95d~mv2.jpg",Creative SME Acquisition Financing Under $5M: 7 Structures That Beat SBA Red Tape,7/21/2025,"Business Funding,Real Estate Funding,Reviews & Comparisons",8ec2b44b-2fa8-4fee-93ac-29ca2d39c716,7/22/2025,48,38,0,45
"https://static.wixstatic.com/media/d981d2_2a6ebffc300f456e9c1e8e2278c8eeac~mv2.jpg/v1/fill/w_50,h_50,al_c,q_80,usm_0.66_1.00_0.01/d981d2_2a6ebffc300f456e9c1e8e2278c8eeac~mv2.jpg",💲No-Credit-Check Gig Worker Loans—Myth or Reality? 💳,7/16/2025,"Gig Worker Funding,Business Funding",4378688f-f26f-478b-bdf2-854fac016661,7/22/2025,296,240,0,269
https://manage.wix.com/analytics-ng/assets/svg/placeholder.svg,Top 10 Same-Day Business Loan Providers Ranked (2026 Update),7/14/2025,"Business Funding,Gig Worker Funding,Reviews & Comparisons",b54e90d6-326d-44c9-bb3a-3ca265c9407c,2/24/2026,121,101,0,107
"https://static.wixstatic.com/media/d981d2_fbe1fe76fd7a47128c77644246aac63d~mv2.png/v1/fill/w_50,h_50,al_c,q_80,usm_0.66_1.00_0.01/d981d2_fbe1fe76fd7a47128c77644246aac63d~mv2.png",Same-Day Loans for Gig Workers: 5 Providers Compared,7/11/2025,"Gig Worker Funding,Business Funding",77f518cb-2b8a-4649-bb1b-bf59005a86df,7/11/2025,505,393,0,437
"https://static.wixstatic.com/media/d981d2_e5072c98a568412fba1ec47ef847a3c8~mv2.png/v1/fill/w_50,h_50,al_c,q_80,usm_0.66_1.00_0.01/d981d2_e5072c98a568412fba1ec47ef847a3c8~mv2.png",AI Tools for Loan Brokers 2025: 10 Smart Assistants to Turbocharge Deal Flow,7/10/2025,AI Automation & Finance Ops,72f8a0f5-3be5-401c-9f84-61779eb90928,7/14/2025,9,8,0,9
"https://static.wixstatic.com/media/d981d2_a545a9f45a574dce84697e5c1c6d1cad~mv2.jpg/v1/fill/w_50,h_50,al_c,q_80,usm_0.66_1.00_0.01/d981d2_a545a9f45a574dce84697e5c1c6d1cad~mv2.jpg",Loan Broker Mistakes That Torch Your Pipeline: 7 Rookie Errors to Nuke in Week 1,7/9/2025,Loan Broker & Affiliate Program,fcd3637c-6ac6-4599-9e88-906b3bc1080a,7/9/2025,5,5,0,5
"https://static.wixstatic.com/media/d981d2_b4e3c37aeefd4a20a93ae3cfc816ec95~mv2.jpg/v1/fill/w_50,h_50,al_c,q_80,usm_0.66_1.00_0.01/d981d2_b4e3c37aeefd4a20a93ae3cfc816ec95~mv2.jpg",Revenue-Based Acquisition Financing: An SBA Alternative for Ecommerce Brand Buyers,7/8/2025,"Business Funding,AI Automation & Finance Ops",5f1d4297-eb80-4387-91ca-cfb269fbb266,7/8/2025,15,12,0,14
"https://static.wixstatic.com/media/d981d2_2b9c7e2ac6b24345855503027adec93a~mv2.jpg/v1/fill/w_50,h_50,al_c,q_80,usm_0.66_1.00_0.01/d981d2_2b9c7e2ac6b24345855503027adec93a~mv2.jpg",5 Secrets to Crafting Irresistible Funding Offers That Make Prospects Feel Stupid Saying “No”,7/7/2025,Loan Broker & Affiliate Program,7814dd92-cdf2-459f-9faf-433dc3fc75c3,7/7/2025,3,3,0,3
"https://static.wixstatic.com/media/d981d2_2642b6fbb2014b06b681c7f2be5236f3~mv2.jpg/v1/fill/w_50,h_50,al_c,q_80,usm_0.66_1.00_0.01/d981d2_2642b6fbb2014b06b681c7f2be5236f3~mv2.jpg",Web3 Business Credit 2025: How Decentralized Scores Are Disrupting Lending Forever,7/4/2025,"Business Credit,Reviews & Comparisons,AI Automation & Finance Ops",53450fa7-95ea-4c0a-8593-f16816fdb295,7/4/2025,11,10,0,10
"https://static.wixstatic.com/media/d981d2_a50a17ec79d24aedac5f818942048d5e~mv2.jpg/v1/fill/w_50,h_50,al_c,q_80,usm_0.66_1.00_0.01/d981d2_a50a17ec79d24aedac5f818942048d5e~mv2.jpg",API-First Lending: How Embedded Finance Powers Ecommerce Funding,7/3/2025,"Business Funding,Gig Worker Funding,Payment Processing,Loan Broker & Affiliate Program,Reviews & Comparisons",2059d7ac-8617-4c01-b57e-90f4415678a8,7/5/2025,11,7,0,8
"https://static.wixstatic.com/media/d981d2_ca8e6604ee334bdc932de87b17fe8179~mv2.jpg/v1/fill/w_50,h_50,al_c,q_80,usm_0.66_1.00_0.01/d981d2_ca8e6604ee334bdc932de87b17fe8179~mv2.jpg",Loan Broker LinkedIn Strategy Hacks 2025: Dominate Leads & Crush Quotas,7/2/2025,"Loan Broker & Affiliate Program,AI Automation & Finance Ops",5e2bb197-1b68-47a0-ae78-c8a406c88788,7/2/2025,5,5,0,5
"https://static.wixstatic.com/media/d981d2_8d2e004bac2a49b5aca6f4d2c8bc6218~mv2.jpg/v1/fill/w_50,h_50,al_c,q_80,usm_0.66_1.00_0.01/d981d2_8d2e004bac2a49b5aca6f4d2c8bc6218~mv2.jpg",Top 7 Vendors That Report to Dun & Bradstreet in 2025,7/1/2025,"Business Credit,AI Automation & Finance Ops",e9395efe-361c-41b5-89ff-50222bc1b22a,7/2/2025,175,132,0,165
"https://static.wixstatic.com/media/d981d2_13e79a8b921c431e873a0f461a707036~mv2.jpg/v1/fill/w_50,h_50,al_c,q_80,usm_0.66_1.00_0.01/d981d2_13e79a8b921c431e873a0f461a707036~mv2.jpg",401(k) Business Financing: Smarter Than an SBA Loan in 2025?,6/30/2025,"Business Funding,Resources,Reviews & Comparisons",bf5a909e-1e04-4980-81c4-38bdfd3f7224,7/2/2025,14,9,0,12
https://manage.wix.com/analytics-ng/assets/svg/placeholder.svg,How to Start a Commercial Loan Broker Business in 2026 (and Earn Residual Commissions),6/26/2025,Loan Broker & Affiliate Program,19dfdc29-aef1-41da-91a0-133b1f3c5a3d,2/16/2026,49,34,0,40
"https://static.wixstatic.com/media/d981d2_aff53cdc0021447bb017e5b0559f2448~mv2.jpg/v1/fill/w_50,h_50,al_c,q_80,usm_0.66_1.00_0.01/d981d2_aff53cdc0021447bb017e5b0559f2448~mv2.jpg",The Brutally Honest Guide to Loans for Gig Workers: Why “Traditional” Funding Hates You (and How to Get Cash Anyway),6/24/2025,"Gig Worker Funding,Business Funding,Reviews & Comparisons",9e3cebdf-cffc-4700-8068-b5cd2381fa14,6/24/2025,57,42,0,51
"https://static.wixstatic.com/media/d981d2_3585b1aee79a4919b4d2fab3f9c44813~mv2.jpg/v1/fill/w_50,h_50,al_c,q_80,usm_0.66_1.00_0.01/d981d2_3585b1aee79a4919b4d2fab3f9c44813~mv2.jpg",How to Break Free from Your 9-to-5 and Dominate the Loan Broker Affiliate Game in 2025,6/13/2025,"Loan Broker & Affiliate Program,Reviews & Comparisons,Resources",398bafa3-7ac1-421c-96e8-6a85e2bd23f9,6/13/2025,12,11,0,12
"https://static.wixstatic.com/media/d981d2_93a7c9b74d834d9492c9bdd6e85e5528~mv2.png/v1/fill/w_50,h_50,al_c,q_80,usm_0.66_1.00_0.01/d981d2_93a7c9b74d834d9492c9bdd6e85e5528~mv2.png",💣 When VCs Ghost You This Bot Doesn’t: Why VC Backup Plan GPT Might Save Your Business (and Your Sanity),6/9/2025,"Resources,AI Automation & Finance Ops",72d6c702-4b0e-417f-9458-bd2cf8260151,6/9/2025,19,15,0,16
"https://static.wixstatic.com/media/d981d2_34f86d6312fc49a09e7da0699b661557~mv2.jpg/v1/fill/w_50,h_50,al_c,q_80,usm_0.66_1.00_0.01/d981d2_34f86d6312fc49a09e7da0699b661557~mv2.jpg",Instant Loans for Gig Workers: Get Up to $20K Without the Bank Hassle,6/6/2025,"Gig Worker Funding,Reviews & Comparisons,Business Funding,Loan Broker & Affiliate Program",1250cd0d-3697-43f2-bdd2-0508df7fd2f4,6/6/2025,196,158,1,176
"https://static.wixstatic.com/media/d981d2_bfb4e2de44a34dcba993847bcc3c40f1~mv2.png/v1/fill/w_50,h_50,al_c,q_80,usm_0.66_1.00_0.01/d981d2_bfb4e2de44a34dcba993847bcc3c40f1~mv2.png",Why 8fig Might Be the Only Thing Standing Between You and Total Burnout (or a Billion-Dollar Exit),6/2/2025,Business Funding,03b549e7-e9ea-40ea-ae07-a598fde1f649,6/2/2025,24,21,0,22
"https://static.wixstatic.com/media/d981d2_031161697ba5435ebce3219500d7d537~mv2.jpg/v1/fill/w_50,h_50,al_c,q_80,usm_0.66_1.00_0.01/d981d2_031161697ba5435ebce3219500d7d537~mv2.jpg",🔥 Game Plan: The Unfiltered Truth About Building Your Funding Empire (Before the Rent’s Late Again) 🔥,5/30/2025,"Loan Broker & Affiliate Program,Reviews & Comparisons",d0bdbd43-ea40-4027-8f76-fe2c0fbf9aa0,5/30/2025,8,8,0,8
"https://static.wixstatic.com/media/d981d2_edbbb194b48148c6b7ac01e6c1d47572~mv2.png/v1/fill/w_50,h_50,al_c,q_80,usm_0.66_1.00_0.01/d981d2_edbbb194b48148c6b7ac01e6c1d47572~mv2.png",Profit Isn’t the Goal—It’s the Weapon: Why Dual Pricing Isn’t About Saving It’s About Dominating,5/29/2025,"Payment Processing,Resources,Loan Broker & Affiliate Program",e3d6c5dd-576d-4be5-80d9-b73a882bc570,5/29/2025,4,4,0,4
"https://static.wixstatic.com/media/d981d2_26416f1dc6ff490c82d996acaa3d81f2~mv2.png/v1/fill/w_50,h_50,al_c,q_80,usm_0.66_1.00_0.01/d981d2_26416f1dc6ff490c82d996acaa3d81f2~mv2.png",You’re Bleeding Money and It’s Your Fault: The Brutal Truth About Payment Processing,5/28/2025,"Payment Processing,Resources,Loan Broker & Affiliate Program",2e8494f4-24b1-4ddf-aad6-36679c6ea152,5/28/2025,5,5,0,5
"https://static.wixstatic.com/media/d981d2_d6d682b9e49446b68e35e6233a35d1a1~mv2.jpg/v1/fill/w_50,h_50,al_c,q_80,usm_0.66_1.00_0.01/d981d2_d6d682b9e49446b68e35e6233a35d1a1~mv2.jpg",Casca: The AI Loan Assistant That’s Dragging SBA Lending Out of the Stone Age,5/27/2025,"Business Funding,Resources,Real Estate Funding",7c97e255-2625-4a77-8848-5f931f2b632b,5/27/2025,26,23,0,25
"https://static.wixstatic.com/media/d981d2_401e8b232c0a4177b8069cfe5292a59b~mv2.png/v1/fill/w_50,h_50,al_c,q_80,usm_0.66_1.00_0.01/d981d2_401e8b232c0a4177b8069cfe5292a59b~mv2.png",💥 Big Banks Said No. Henry Got $50K Anyway — Here’s How You Can Too,5/26/2025,"Business Credit,Business Funding,Reviews & Comparisons,Resources",30a28461-1007-42e8-a48d-bdd8f9240d79,5/26/2025,8,6,0,8
"https://static.wixstatic.com/media/d981d2_65f82ae2979b44cd8c66ea2cb30b41d6~mv2.jpg/v1/fill/w_50,h_50,al_c,q_80,usm_0.66_1.00_0.01/d981d2_65f82ae2979b44cd8c66ea2cb30b41d6~mv2.jpg",Team Building for Entrepreneurs: The No-BS Guide to Finding and Keeping People Who Don’t Suck,5/20/2025,Reviews & Comparisons,b0b2a80b-b3e9-45c0-955d-fb1ed4225b0f,5/20/2025,17,11,0,13
"https://static.wixstatic.com/media/d981d2_f577838a46f84e2ba8bb7930affc6e42~mv2.jpg/v1/fill/w_50,h_50,al_c,q_80,usm_0.66_1.00_0.01/d981d2_f577838a46f84e2ba8bb7930affc6e42~mv2.jpg",Forget Passive Income—Here’s How Real Leaders Multiply Through Systems Not Hope,5/12/2025,"Loan Broker & Affiliate Program,Resources",8087959b-6a51-4bb2-807a-02b6980c7c0d,5/12/2025,13,13,0,13
"https://static.wixstatic.com/media/d981d2_eaba53f8285d4e43851d1a27879c4169~mv2.png/v1/fill/w_50,h_50,al_c,q_80,usm_0.66_1.00_0.01/d981d2_eaba53f8285d4e43851d1a27879c4169~mv2.png",Build a Million-Dollar Agency From Scratch (Without the MLM Cringe),5/9/2025,"Loan Broker & Affiliate Program,Reviews & Comparisons",83475741-2a51-4434-a767-77a93f2e550f,5/9/2025,28,17,0,23
"https://static.wixstatic.com/media/d981d2_9a35b3fa35a44668834e48135fc6cf31~mv2.png/v1/fill/w_50,h_50,al_c,q_80,usm_0.66_1.00_0.01/d981d2_9a35b3fa35a44668834e48135fc6cf31~mv2.png",Team Building for the Misfits Mavericks and Rainmakers: How to Build a Business That Builds You Back,5/6/2025,"Loan Broker & Affiliate Program,Reviews & Comparisons",ff3a303f-21ce-430a-8426-f886599605eb,5/7/2025,15,13,0,13
"https://static.wixstatic.com/media/d981d2_090ebbe7838d4036a7e10acec66c7082~mv2.jpeg/v1/fill/w_50,h_50,al_c,q_80,usm_0.66_1.00_0.01/d981d2_090ebbe7838d4036a7e10acec66c7082~mv2.jpeg",Preferred Product Strategy: How to Stop Chasing Crumbs and Start Making Real Money,5/2/2025,"Loan Broker & Affiliate Program,Resources,Business Funding",3a18aee7-75af-4876-9adf-47aaccc274b9,5/5/2025,9,9,0,9
"https://static.wixstatic.com/media/d981d2_0b13e1ee3a054ed680b3ec298c611a2d~mv2.png/v1/fill/w_50,h_50,al_c,q_80,usm_0.66_1.00_0.01/d981d2_0b13e1ee3a054ed680b3ec298c611a2d~mv2.png",Instant Micro Funding – Finally a GPT That Gets It (and Gives It),4/28/2025,"Gig Worker Funding,Resources,Business Funding",28874cd4-ee30-49b7-a5cc-200beda2d13d,4/28/2025,32,27,0,31
"https://static.wixstatic.com/media/d981d2_1280d99113054cf9b61904de8ed545f8~mv2.png/v1/fill/w_50,h_50,al_c,q_80,usm_0.66_1.00_0.01/d981d2_1280d99113054cf9b61904de8ed545f8~mv2.png",Credit Sesame Review: The Financial Wingman Every Hustler Deserves (But Probably Doesn’t Know Exists Yet),4/24/2025,Resources,0c0bcfd7-47d6-4c51-a4cb-0567df1b62db,4/24/2025,3,3,0,3
https://manage.wix.com/analytics-ng/assets/svg/placeholder.svg,How to Build Corporate Credit and Get Funded Without Touching Your Personal Score,4/18/2025,"Business Funding,Reviews & Comparisons",1097195a-06a8-408e-9f99-91f332b992e3,4/18/2025,10,9,0,9
"https://static.wixstatic.com/media/d981d2_8fba592250604e5f913c0698d694d304~mv2.png/v1/fill/w_50,h_50,al_c,q_80,usm_0.66_1.00_0.01/d981d2_8fba592250604e5f913c0698d694d304~mv2.png",🔥 How Dual Pricing Is Helping Small Business Owners Flip the Bird to Credit Card Fees 🔥,4/15/2025,"Payment Processing,Reviews & Comparisons",63ed8331-430a-4ba0-a11f-664bab5e1680,4/15/2025,3,3,0,3
https://manage.wix.com/analytics-ng/assets/svg/placeholder.svg,Business Funding Agents: The Underdog Revolution That’s Stealing Real Estate’s Thunder,4/14/2025,Loan Broker & Affiliate Program,0992397a-83c8-4d5a-97b4-4079af0559c8,3/7/2026,4,4,0,4
"https://static.wixstatic.com/media/d981d2_02947f9135984c1bb2344af470fd72e3~mv2.png/v1/fill/w_50,h_50,al_c,q_80,usm_0.66_1.00_0.01/d981d2_02947f9135984c1bb2344af470fd72e3~mv2.png",Same Day Business Funding: The Game-Changer for Real Estate Investors and Side Hustlers,4/11/2025,"Gig Worker Funding,Business Funding",50918943-e3c7-448e-bf13-9cec34fa5927,4/11/2025,6,6,0,6
"https://static.wixstatic.com/media/d981d2_c0c1e7d14339422ebc5659af0e6ded73~mv2.png/v1/fill/w_50,h_50,al_c,q_80,usm_0.66_1.00_0.01/d981d2_c0c1e7d14339422ebc5659af0e6ded73~mv2.png",Banks Said No. Instant Micro Funding Said F*** It Here’s $20K!,4/10/2025,"Gig Worker Funding,Reviews & Comparisons,Business Funding",718636d1-7278-4ac0-b6d2-a5b54a2b3130,4/12/2025,28,21,0,21
"https://static.wixstatic.com/media/d981d2_ef492c87d53c4c75a536774254b93801~mv2.png/v1/fill/w_50,h_50,al_c,q_80,usm_0.66_1.00_0.01/d981d2_ef492c87d53c4c75a536774254b93801~mv2.png",Cash-Strapped and Overlooked? This Rebel Funding Source Bypasses Banks — And Actually Works!,4/9/2025,"Gig Worker Funding,Reviews & Comparisons,Business Funding",694a7206-f01d-4357-9523-2d9ed7389ab2,4/9/2025,1,1,0,1
"https://static.wixstatic.com/media/d981d2_e4b77a721bf641649c7912c7c804fdab~mv2.png/v1/fill/w_50,h_50,al_c,q_80,usm_0.66_1.00_0.01/d981d2_e4b77a721bf641649c7912c7c804fdab~mv2.png",Credit as Income: Turning Credit into Cash Flow,4/8/2025,"Reviews & Comparisons,Gig Worker Funding,Business Funding",52384858-5e24-4de3-8eb2-a9532d7e7786,4/12/2025,9,9,0,9
"https://static.wixstatic.com/media/d981d2_b042e7e1cb7c439b97ef39cb67b493e1~mv2.png/v1/fill/w_50,h_50,al_c,q_80,usm_0.66_1.00_0.01/d981d2_b042e7e1cb7c439b97ef39cb67b493e1~mv2.png",Gator Lending with Pace Morby: How to Fund Your Hustle Without Begging the Bank,4/4/2025,"Real Estate Funding,Resources,Reviews & Comparisons",3af4ab46-f33d-4b7b-a209-6ba377e7df05,4/4/2025,80,64,2,72
"https://static.wixstatic.com/media/d981d2_b854ba2255074088981bb4660a96df16~mv2.jpg/v1/fill/w_50,h_50,al_c,q_80,usm_0.66_1.00_0.01/d981d2_b854ba2255074088981bb4660a96df16~mv2.jpg",How to Eliminate Credit Card Fees Legally with Net Zero Payment Processing,3/28/2025,"Payment Processing,Resources,Reviews & Comparisons",e3aec71a-329e-4400-8144-a75a8ec6773f,3/29/2025,14,11,2,13
"https://static.wixstatic.com/media/d981d2_78946f5e322845499f7016514f50d59b~mv2.png/v1/fill/w_50,h_50,al_c,q_80,usm_0.66_1.00_0.01/d981d2_78946f5e322845499f7016514f50d59b~mv2.png",Is Your Real Estate Career Dead on Arrival? Here's the Better Alternative,3/19/2025,Loan Broker & Affiliate Program,1aba9f27-2e8e-477a-87ac-a30e2e709fcf,3/19/2025,12,12,0,12
"https://static.wixstatic.com/media/d981d2_c3d542423d5244b5b8312798161551fb~mv2.png/v1/fill/w_50,h_50,al_c,q_80,usm_0.66_1.00_0.01/d981d2_c3d542423d5244b5b8312798161551fb~mv2.png",Franchise Financing Review: Can ROK Financial Fund Your Business Dreams or Will It Leave You Broke & Bitter?,3/17/2025,"Business Funding,Resources",e8b4b056-8e92-4ec8-b7b8-26be26dba889,3/17/2025,8,7,0,8
"https://static.wixstatic.com/media/d981d2_a53174cead454e17b284a97989bfe526~mv2.jpg/v1/fill/w_50,h_50,al_c,q_80,usm_0.66_1.00_0.01/d981d2_a53174cead454e17b284a97989bfe526~mv2.jpg",The Truth About Credit Builders: Which Ones Actually Help You Escape the Financial Hunger Games? (A Brutally Honest Review),3/14/2025,Resources,126f0190-d180-44ff-9f71-9165c1b28657,3/14/2025,18,14,1,17
"https://static.wixstatic.com/media/d981d2_e754e675896045f890947a897cd800ff~mv2.jpg/v1/fill/w_50,h_50,al_c,q_80,usm_0.66_1.00_0.01/d981d2_e754e675896045f890947a897cd800ff~mv2.jpg",How to Secure the Best Business Acquisition Funding Solutions for Success,3/10/2025,"Business Funding,Resources,Reviews & Comparisons",c72058a6-e71d-449a-9a1f-5e61b76820bf,3/10/2025,4,4,0,4
"https://static.wixstatic.com/media/d981d2_b84bf31fd9d94e4ea1c87a2f4b4927b8~mv2.jpg/v1/fill/w_50,h_50,al_c,q_80,usm_0.66_1.00_0.01/d981d2_b84bf31fd9d94e4ea1c87a2f4b4927b8~mv2.jpg",How to Become a Money Broker & Build a 6-Figure Business with No Experience,3/6/2025,Loan Broker & Affiliate Program,4485d2b7-f18c-498d-a89c-488f08c1bf29,3/6/2025,14,11,0,11
"https://static.wixstatic.com/media/d981d2_79569ca7a664491c8070b61d31f05ce0~mv2.png/v1/fill/w_50,h_50,al_c,q_80,usm_0.66_1.00_0.01/d981d2_79569ca7a664491c8070b61d31f05ce0~mv2.png",Lima One Capital Review: The Loan Shark or the Lifeboat for Real Estate Investors?,3/4/2025,Real Estate Funding,41836bbd-ab12-40cb-911d-12bea1d5836d,3/4/2025,201,185,0,189
"https://static.wixstatic.com/media/d981d2_3af0dd2f375d4f8d8ee24e7f9bace45c~mv2.png/v1/fill/w_50,h_50,al_c,q_80,usm_0.66_1.00_0.01/d981d2_3af0dd2f375d4f8d8ee24e7f9bace45c~mv2.png",401K Business Financing with Uplyft Capital: A Genius Move or a Financial Disaster?,3/1/2025,"Business Funding,Resources",aaa8c0c4-c347-40b3-9c39-e4508c1d6e27,3/1/2025,3,3,0,3
"https://static.wixstatic.com/media/d981d2_380a6eab4b7d47d090bb48e3799f8250~mv2.webp/v1/fill/w_50,h_50,al_c,q_80,usm_0.66_1.00_0.01/d981d2_380a6eab4b7d47d090bb48e3799f8250~mv2.webp",What Every Entrepreneur Needs to Know About Acquisition Financing Options,2/18/2025,"Business Funding,Resources",3a9d0f03-7166-42b1-a232-0f3cab4e764e,2/18/2025,8,7,0,7
"https://static.wixstatic.com/media/d981d2_3bb1fecdc2e84ea8b5b84dd0c714a148~mv2.png/v1/fill/w_50,h_50,al_c,q_80,usm_0.66_1.00_0.01/d981d2_3bb1fecdc2e84ea8b5b84dd0c714a148~mv2.png",Service Business Loans: Get the Cash You Need (Without Selling a Kidney),2/18/2025,"Business Funding,Resources",e9b66192-c3e0-43d2-9395-790b1fa3d05f,2/18/2025,10,10,1,10
"https://static.wixstatic.com/media/d981d2_205f8de3c5c343e8912bd12be6ad06a0~mv2.jpg/v1/fill/w_50,h_50,al_c,q_80,usm_0.66_1.00_0.01/d981d2_205f8de3c5c343e8912bd12be6ad06a0~mv2.jpg",Exploring the Impact of Fractional Financing on the Gig Economy: A Look at Loans for Gig Workers,2/17/2025,"Business Funding,Resources,Reviews & Comparisons",2e9be5d5-84a3-4a19-afeb-a1925999207f,2/17/2025,5,5,0,5
"https://static.wixstatic.com/media/d981d2_25550143d24445aea877a89c677cc446~mv2.png/v1/fill/w_50,h_50,al_c,q_80,usm_0.66_1.00_0.01/d981d2_25550143d24445aea877a89c677cc446~mv2.png",DSCR Loans: The Ultimate Hack for Real Estate Investors Who Don't Want to Beg Banks for Approval,2/7/2025,Real Estate Funding,0957db42-963e-4fad-9399-a7220112d9d6,2/7/2025,9,7,0,8
"https://static.wixstatic.com/media/d981d2_7f944cb1fe5345bd93025879677a74eb~mv2.jpg/v1/fill/w_50,h_50,al_c,q_80,usm_0.66_1.00_0.01/d981d2_7f944cb1fe5345bd93025879677a74eb~mv2.jpg",How to Build a Successful Services Agency: Strategies for Scaling Your Money and Loan Broker Business,1/28/2025,"Loan Broker & Affiliate Program,Reviews & Comparisons,Resources",54984592-8974-462e-af8d-18c44468c76b,1/28/2025,2,2,0,2
"https://static.wixstatic.com/media/d981d2_b088b908a9aa4e79867532d4242b514b~mv2.png/v1/fill/w_50,h_50,al_c,q_80,usm_0.66_1.00_0.01/d981d2_b088b908a9aa4e79867532d4242b514b~mv2.png",How to Build a Recession-Proof Money Broker Business (and Help Others Along the Way),1/27/2025,"Loan Broker & Affiliate Program,Reviews & Comparisons,Resources",381f0c54-a3d7-4cfe-aa93-91a25744c2c0,1/27/2025,9,9,0,9
"https://static.wixstatic.com/media/d981d2_96dedffde3394af89dcb11b335e3c5a8~mv2.jpg/v1/fill/w_50,h_50,al_c,q_80,usm_0.66_1.00_0.01/d981d2_96dedffde3394af89dcb11b335e3c5a8~mv2.jpg",20 FAQs About Starting Your Own Services Agency or Becoming an Affiliate Loan Broker,1/25/2025,"Loan Broker & Affiliate Program,Resources",85af6535-5a55-43e7-b363-247c8e242be9,1/25/2025,5,4,0,4
"https://static.wixstatic.com/media/d981d2_c8428408460841be88f3375cb9d8c720~mv2.jpg/v1/fill/w_50,h_50,al_c,q_80,usm_0.66_1.00_0.01/d981d2_c8428408460841be88f3375cb9d8c720~mv2.jpg",Affiliate Loan Brokering: A Path to Financial Freedom and Personal Fulfillment,1/24/2025,Loan Broker & Affiliate Program,a6118bb7-a581-497d-9d05-7fb38357d3fc,1/24/2025,6,5,0,5
"https://static.wixstatic.com/media/d981d2_1476e8a6a54d4f259d074a0ae5b4afc7~mv2.png/v1/fill/w_50,h_50,al_c,q_80,usm_0.66_1.00_0.01/d981d2_1476e8a6a54d4f259d074a0ae5b4afc7~mv2.png",Are You Believing These 3 Business Funding Myths?,1/23/2025,Business Funding,a5dcbe96-99fc-4f08-8eff-47139814bc2e,1/23/2025,2,2,0,2
"https://static.wixstatic.com/media/d981d2_67442868a7d941278b063dbf946fc78d~mv2.jpg/v1/fill/w_50,h_50,al_c,q_80,usm_0.66_1.00_0.01/d981d2_67442868a7d941278b063dbf946fc78d~mv2.jpg",Unlocking Growth: The Power of Revenue-Based Funding for Ecommerce,1/22/2025,Business Funding,61cf1617-7f85-4737-8658-6922b3748230,1/22/2025,8,7,0,8
"https://static.wixstatic.com/media/d981d2_333d136f5c704daaa9bcc9e58ba64f2f~mv2.jpg/v1/fill/w_50,h_50,al_c,q_80,usm_0.66_1.00_0.01/d981d2_333d136f5c704daaa9bcc9e58ba64f2f~mv2.jpg",Unleash Your Earning Power: Creative Strategies for Gig Workers to Maximize Revenue-Based Financing,1/21/2025,"Business Funding,Reviews & Comparisons",662d9adc-36bc-4444-93b3-445e6d84a48e,1/21/2025,8,7,0,7
"https://static.wixstatic.com/media/d981d2_69bdfccd320943b0b4d7792b00b1840c~mv2.jpg/v1/fill/w_50,h_50,al_c,q_80,usm_0.66_1.00_0.01/d981d2_69bdfccd320943b0b4d7792b00b1840c~mv2.jpg",Valpak Hustle: The Ultimate Strategy Every Freelancer and Gig Worker Needs to Know,1/15/2025,"Resources,Reviews & Comparisons,Loan Broker & Affiliate Program",d5d974e0-a129-484e-b962-e6886e20cea3,1/15/2025,2,2,0,2
"https://static.wixstatic.com/media/d981d2_17145a85238c4207a5b0509ef94d404a~mv2.png/v1/fill/w_50,h_50,al_c,q_80,usm_0.66_1.00_0.01/d981d2_17145a85238c4207a5b0509ef94d404a~mv2.png",From Dough to Dollars: Lessons from National Bagel Day for the Self-Employed,1/15/2025,Resources,2509b7a8-9e17-48c7-acaf-a22f8d128577,1/15/2025,18,17,1,17
"https://static.wixstatic.com/media/d981d2_dd23f3275f52497a8fbfc20213828635~mv2.png/v1/fill/w_50,h_50,al_c,q_80,usm_0.66_1.00_0.01/d981d2_dd23f3275f52497a8fbfc20213828635~mv2.png",How to Finance an Acquisition Using an SBA Loan: Your Ultimate Guide,1/14/2025,"Business Funding,Reviews & Comparisons",c946c93a-d14e-44c7-8c5f-27c8bfae9646,1/14/2025,4,4,0,4
"https://static.wixstatic.com/media/d981d2_61352f5f9662437a808556d255970a4e~mv2.jpg/v1/fill/w_50,h_50,al_c,q_80,usm_0.66_1.00_0.01/d981d2_61352f5f9662437a808556d255970a4e~mv2.jpg",Are Fast Loans the Answer for Uber Drivers? Exploring Gig-Funding Options,1/13/2025,"Business Funding,Gig Worker Funding",12d449f9-3eb2-474f-8555-2adf74cb20a6,1/13/2025,9,9,0,9
https://manage.wix.com/analytics-ng/assets/svg/placeholder.svg,Elevating Small Business Dreams: A Close Look at Uplyft Capital's Short-Term Loans,1/10/2025,"Business Funding,Resources",f1c80a64-2533-4274-9bb9-8ea4b9d2f135,1/10/2025,5,5,0,5
"https://static.wixstatic.com/media/d981d2_ebfa24f82402446185278ef124c9e3e7~mv2.jpg/v1/fill/w_50,h_50,al_c,q_80,usm_0.66_1.00_0.01/d981d2_ebfa24f82402446185278ef124c9e3e7~mv2.jpg",How to Access Same-Day Revenue-Based Financing for Your Underserved Business and Unlock Growth Opportunities,12/30/2024,"Reviews & Comparisons,Gig Worker Funding,Business Funding",4838ecf6-74cb-4c4f-b845-abc3b1df11ab,12/30/2024,11,11,1,11
"https://static.wixstatic.com/media/d981d2_bfe663c4a1b946499121f60b40e6eb4c~mv2.png/v1/fill/w_50,h_50,al_c,q_80,usm_0.66_1.00_0.01/d981d2_bfe663c4a1b946499121f60b40e6eb4c~mv2.png",Leadership for Entrepreneurs - Taking You and Your Team to the Next Level,12/18/2024,"Loan Broker & Affiliate Program,Reviews & Comparisons",c1245607-8d54-41f4-97b2-c278247d16f8,12/18/2024,6,5,0,5
"https://static.wixstatic.com/media/d981d2_5c253747b27146e49d130519f1c9c073~mv2.jpg/v1/fill/w_50,h_50,al_c,q_80,usm_0.66_1.00_0.01/d981d2_5c253747b27146e49d130519f1c9c073~mv2.jpg",Cash Flow Lifelines: How Same-Day Funding is Transforming Gig Economy Finances,12/11/2024,"Gig Worker Funding,Business Funding",1d1b9a23-5b13-4ece-acdf-6ba96782e68c,12/11/2024,4,2,0,3
"https://static.wixstatic.com/media/d981d2_c00e44e086524c88a9bef96d7320dd71~mv2.jpg/v1/fill/w_50,h_50,al_c,q_80,usm_0.66_1.00_0.01/d981d2_c00e44e086524c88a9bef96d7320dd71~mv2.jpg",Navigating Real Estate Investment: A Comprehensive Guide to Lima One Capital's Loan Products,12/9/2024,"Real Estate Funding,Resources",70729e3a-20b7-43c2-a8d4-3d83cb3a566e,12/9/2024,12,11,0,11
"https://static.wixstatic.com/media/d981d2_4d17c9ac094843899d3a1675c12c1d07~mv2.jpg/v1/fill/w_50,h_50,al_c,q_80,usm_0.66_1.00_0.01/d981d2_4d17c9ac094843899d3a1675c12c1d07~mv2.jpg",Finding the Best Unsecured Personal Loans for Startups: No Collateral? No Problem!,12/6/2024,,347029d8-a535-4ac3-8d90-2351ba8ca0aa,12/6/2024,12,9,1,10
"https://static.wixstatic.com/media/d981d2_1277fbdc48d643a39829867b92f9d5e3~mv2.png/v1/fill/w_50,h_50,al_c,q_80,usm_0.66_1.00_0.01/d981d2_1277fbdc48d643a39829867b92f9d5e3~mv2.png",How Entrepreneurs Can Thrive with Hassle-Free Business Funding Solutions,12/5/2024,Business Funding,5a267e1b-9427-4e15-8df6-9bef981961da,12/5/2024,5,5,0,5
"https://static.wixstatic.com/media/d981d2_75d313763ed64cc4b68859d70798fcec~mv2.jpg/v1/fill/w_50,h_50,al_c,q_80,usm_0.66_1.00_0.01/d981d2_75d313763ed64cc4b68859d70798fcec~mv2.jpg",Which Funding Options are Best for Gig Workers? A Comprehensive Guide,12/5/2024,"Business Funding,Reviews & Comparisons",5e6a13d4-dff5-4cea-a97f-c7edfeef9200,12/5/2024,49,43,0,44
"https://static.wixstatic.com/media/d981d2_008617ab69e348079e556f6c28775609~mv2.png/v1/fill/w_50,h_50,al_c,q_80,usm_0.66_1.00_0.01/d981d2_008617ab69e348079e556f6c28775609~mv2.png",Unveiling the Trend: Creative Entrepreneurs Embracing the Exciting World of Alternative Financing,12/4/2024,Business Funding,90daf230-d5c7-4c05-8fe8-b240acd6b64b,12/4/2024,2,2,0,2
"https://static.wixstatic.com/media/d981d2_e68dc4cf737f4d9e9c01027e7d24555d~mv2.jpg/v1/fill/w_50,h_50,al_c,q_80,usm_0.66_1.00_0.01/d981d2_e68dc4cf737f4d9e9c01027e7d24555d~mv2.jpg",10 Funding Options for Side Hustles: Turning Your Passion into Profit,11/21/2024,Business Funding,5204b6a7-f52a-4ac8-a871-7a4bd8fb4ed9,11/21/2024,22,18,0,18
"https://static.wixstatic.com/media/d981d2_7aa1aa0e134a4445bf47104aa2d53a0b~mv2.jpg/v1/fill/w_50,h_50,al_c,q_80,usm_0.66_1.00_0.01/d981d2_7aa1aa0e134a4445bf47104aa2d53a0b~mv2.jpg",The Future of Gig Economy Funding,11/19/2024,"Resources,Services",e57792af-3fef-4ed0-956b-78a0b77aa2c3,11/19/2024,5,5,0,5
https://manage.wix.com/analytics-ng/assets/svg/placeholder.svg,The Power of Instant Micro Funding: Empowering Gig Workers Freelancers and Small Businesses,11/18/2024,Business Funding,df4de681-ac81-4ce5-9c10-1db2bdc98047,11/18/2024,18,12,0,13
"https://static.wixstatic.com/media/d981d2_7876bb8c70e14483b77f389d43e5f931~mv2.png/v1/fill/w_50,h_50,al_c,q_80,usm_0.66_1.00_0.01/d981d2_7876bb8c70e14483b77f389d43e5f931~mv2.png",Top 3 Online Loan Options for All Credit Scores: PersonalLoans.com BadCreditLoans.com and CashUSA.com,11/12/2024,,4931c9c0-10ba-4862-8ffd-99f681fca767,11/12/2024,5,5,0,5
"https://static.wixstatic.com/media/d981d2_60f7675ecee14f9ca72a42a4e957ee93~mv2.png/v1/fill/w_50,h_50,al_c,q_80,usm_0.66_1.00_0.01/d981d2_60f7675ecee14f9ca72a42a4e957ee93~mv2.png",How Upstart Medical Loans Can Help You Manage Unexpected Medical Expenses,11/7/2024,,e4638b49-4b18-4840-a8c0-0c39686808e9,11/7/2024,11,10,0,10
https://manage.wix.com/analytics-ng/assets/svg/placeholder.svg,How SellersFi’s Working Capital Solutions Can Enhance Your eCommerce Cash Flow,11/1/2024,Business Funding,a9371879-92f2-4a97-937f-8c961d50659c,11/1/2024,13,10,0,10
"https://static.wixstatic.com/media/d981d2_66d5181241454e2ba8bc011f0c1a6155~mv2.png/v1/fill/w_50,h_50,al_c,q_80,usm_0.66_1.00_0.01/d981d2_66d5181241454e2ba8bc011f0c1a6155~mv2.png",Unlock Financial Freedom with Upstart: Your Go-To Solution for Personal Loans,10/9/2024,,d085b6bd-0d0c-40f8-901d-b49b91559331,10/9/2024,9,8,0,8
"https://static.wixstatic.com/media/d981d2_5f71fca789444aa4bf360513201e4c6b~mv2.png/v1/fill/w_50,h_50,al_c,q_80,usm_0.66_1.00_0.01/d981d2_5f71fca789444aa4bf360513201e4c6b~mv2.png",Best Funding Options for Online Marketplaces: Secure Capital for Growth in 2024,10/3/2024,Business Funding,613dab72-50c5-49c8-8430-56360c70fc6e,10/3/2024,13,12,0,12
"https://static.wixstatic.com/media/d981d2_4cd2db4bb148442790731c643b75f383~mv2.png/v1/fill/w_50,h_50,al_c,q_80,usm_0.66_1.00_0.01/d981d2_4cd2db4bb148442790731c643b75f383~mv2.png",The Credit App Review: A Game-Changer for Business Owners,10/1/2024,,e421a6d5-1298-4a9f-854b-7a6076d7c63a,10/1/2024,3,3,0,3
"https://static.wixstatic.com/media/d981d2_2b0748fe5900401c81754d648a23ac1a~mv2.jpg/v1/fill/w_50,h_50,al_c,q_80,usm_0.66_1.00_0.01/d981d2_2b0748fe5900401c81754d648a23ac1a~mv2.jpg",How Strategic Activity Drives Business Growth: Insights from David Rutz,9/25/2024,Loan Broker & Affiliate Program,ecb42991-c7d9-4a88-b9ee-eb1980419d78,9/25/2024,4,4,0,4
"https://static.wixstatic.com/media/d981d2_e727238088fb4df7823b1928cf549cde~mv2.jpg/v1/fill/w_50,h_50,al_c,q_80,usm_0.66_1.00_0.01/d981d2_e727238088fb4df7823b1928cf549cde~mv2.jpg",[Personal Recommendation] The BEST Program for Securing Business Funding,9/16/2024,Resources,51526c48-8757-4c84-9bb7-eba2b5a5490e,9/16/2024,5,4,0,4
"https://static.wixstatic.com/media/d981d2_c541c0908da2475f8ede6a937f0ea4a9~mv2.jpg/v1/fill/w_50,h_50,al_c,q_80,usm_0.66_1.00_0.01/d981d2_c541c0908da2475f8ede6a937f0ea4a9~mv2.jpg",ZipplyLoan: Your Ultimate Solution for Fast and Convenient Personal Loans,9/9/2024,,16347b20-74dd-4a04-8d44-ad39671bc0f7,9/9/2024,4,4,0,4
"https://static.wixstatic.com/media/d981d2_67fd4934fe34418590c91d32375c40a6~mv2.jpg/v1/fill/w_50,h_50,al_c,q_80,usm_0.66_1.00_0.01/d981d2_67fd4934fe34418590c91d32375c40a6~mv2.jpg",No Income? No Problem! 3 Banks Offering $100000 in No-Doc Credit for New LLCs,9/3/2024,,bc683a8c-cf75-4bd8-bc87-60c9022c5198,9/3/2024,667,518,0,613
"https://static.wixstatic.com/media/d981d2_b28d6405dd654f40931dcb3a403a018a~mv2.jpg/v1/fill/w_50,h_50,al_c,q_80,usm_0.66_1.00_0.01/d981d2_b28d6405dd654f40931dcb3a403a018a~mv2.jpg",Cannabis Funding 2024: Unlock Financial Opportunities in a Growing Industry,9/2/2024,Business Funding,1452dc7a-f27c-4655-ac39-b0e689b46ea9,9/2/2024,7,5,0,7
"https://static.wixstatic.com/media/ec6f92_c9cdffe87df54ac69f80f8a593bf4621~mv2.jpg/v1/fill/w_50,h_50,al_c,q_80,usm_0.66_1.00_0.01/ec6f92_c9cdffe87df54ac69f80f8a593bf4621~mv2.jpg",Unlocking Business Funding with Your 401k,8/15/2024,Business Funding,3bba9e15-ff2b-44ce-bf4a-810ded4501e0,8/15/2024,10,10,0,10
"https://static.wixstatic.com/media/d981d2_fe73e1c1458e405b9dbb7e364b27e276~mv2.jpg/v1/fill/w_50,h_50,al_c,q_80,usm_0.66_1.00_0.01/d981d2_fe73e1c1458e405b9dbb7e364b27e276~mv2.jpg",Secure Up to $150K with 0% Interest: Unlock Business Growth with 7 Figures Funding,7/31/2024,Business Funding,0e915b80-c5c8-44fa-a5ec-760096310ae9,7/31/2024,14,11,0,12
"https://static.wixstatic.com/media/d981d2_e0c25dc1df6a416b8ef28f8d1c1cd014~mv2.png/v1/fill/w_50,h_50,al_c,q_80,usm_0.66_1.00_0.01/d981d2_e0c25dc1df6a416b8ef28f8d1c1cd014~mv2.png",Exclusive Funding for Select Businesses: Exploring DAC's Select Funding,7/24/2024,Business Funding,bf56dbd8-35cd-4500-b7a1-7d009e31e312,7/24/2024,7,7,0,7
"https://static.wixstatic.com/media/d981d2_75f2d42e226648fd9901f7a280dad905~mv2.png/v1/fill/w_50,h_50,al_c,q_80,usm_0.66_1.00_0.01/d981d2_75f2d42e226648fd9901f7a280dad905~mv2.png",Line of Credit vs. Business Credit Card: Which is Right for Your Business?,7/23/2024,Business Funding,3ceeb0e9-a454-48f5-a34f-a9eb56623bdb,7/23/2024,7,6,0,7
"https://static.wixstatic.com/media/d981d2_b91e7eeeffad474ca7155ae5960b5b6c~mv2.png/v1/fill/w_50,h_50,al_c,q_80,usm_0.66_1.00_0.01/d981d2_b91e7eeeffad474ca7155ae5960b5b6c~mv2.png",Flexible Financing Solutions with Credibly’s Small Business Line of Credit,7/15/2024,Business Funding,f1a905d4-2edb-4991-81e8-9ff6de147a8e,7/15/2024,23,21,0,23
"https://static.wixstatic.com/media/d981d2_826009644e424c0ea26317b8bb29801f~mv2.png/v1/fill/w_50,h_50,al_c,q_80,usm_0.66_1.00_0.01/d981d2_826009644e424c0ea26317b8bb29801f~mv2.png",Unlocking the Secrets to Securing a Startup Business Loan,6/6/2024,Business Funding,d32842b9-5369-44ea-a58d-ae578d4b6e1b,6/6/2024,9,9,0,9
"https://static.wixstatic.com/media/d981d2_f54ab54c479845a2b5e8ab8ef5fac421~mv2.webp/v1/fill/w_50,h_50,al_c,q_80,usm_0.66_1.00_0.01/d981d2_f54ab54c479845a2b5e8ab8ef5fac421~mv2.webp",Bad Credit Loans: A Convenient Option for Emergency Funds Up To $10000,5/30/2024,Business Funding,5a36311f-199d-42b0-ba8a-fe1971be5511,5/30/2024,11,7,1,9
"https://static.wixstatic.com/media/ec6f92_5e45b26026ec4bb991832365fc95efad~mv2.jpg/v1/fill/w_50,h_50,al_c,q_80,usm_0.66_1.00_0.01/ec6f92_5e45b26026ec4bb991832365fc95efad~mv2.jpg",Fix and Flip Your Way to Financial Freedom: A Comprehensive Guide to ROK Financial's Fix-N-Flip Loans,5/23/2024,Real Estate Funding,3406c17c-6d48-489a-9c01-fc9c33ae3b58,5/23/2024,13,9,0,11
"https://static.wixstatic.com/media/d981d2_9d842bdea6e448fc90f810403495f05d~mv2.png/v1/fill/w_50,h_50,al_c,q_80,usm_0.66_1.00_0.01/d981d2_9d842bdea6e448fc90f810403495f05d~mv2.png",Upstart: A New Way to Borrow for Those with Less-Than-Perfect Credit,5/15/2024,"Personal Loans,Business Funding",f1aeada6-5ed5-48ef-b043-51a2398a60d1,5/16/2024,12,10,0,12
"https://static.wixstatic.com/media/d981d2_21f81623fe6f4ecaa9f370f3812f7cbf~mv2.jpg/v1/fill/w_50,h_50,al_c,q_80,usm_0.66_1.00_0.01/d981d2_21f81623fe6f4ecaa9f370f3812f7cbf~mv2.jpg",Equipment Financing: A Smart Growth Strategy for Your Small Business,5/6/2024,Business Funding,ac15e818-b3b0-46a0-bbdf-6493f640764e,5/6/2024,11,9,0,11
"https://static.wixstatic.com/media/d981d2_76c8cfd51d5249efb27590fc9fbc1a80~mv2.jpg/v1/fill/w_50,h_50,al_c,q_80,usm_0.66_1.00_0.01/d981d2_76c8cfd51d5249efb27590fc9fbc1a80~mv2.jpg",Zero-Interest Business Funding: The Smart Way to Fuel Growth in 2024,5/6/2024,,016aca8b-c568-4a00-8f65-ffe76b198f22,5/6/2024,10,8,0,10
"https://static.wixstatic.com/media/d981d2_f6ecbb9f4e7341f8a60f5dc97c19b009~mv2.jpg/v1/fill/w_50,h_50,al_c,q_80,usm_0.66_1.00_0.01/d981d2_f6ecbb9f4e7341f8a60f5dc97c19b009~mv2.jpg",Funding Your Startup Dreams: The Ultimate Guide to 2024's Top Options,5/2/2024,Business Funding,f59b1522-53b0-4132-af40-50a52be7dba6,5/2/2024,7,7,0,7
"https://static.wixstatic.com/media/d981d2_d17631548b9c489da2f50b083ee1bba8~mv2.png/v1/fill/w_50,h_50,al_c,q_80,usm_0.66_1.00_0.01/d981d2_d17631548b9c489da2f50b083ee1bba8~mv2.png",Unlocking Growth Without Giving Up Equity: How Non-Dilutive Funding Powers SaaS Ecommerce and B2B Companies,5/1/2024,Business Funding,9422b9fb-5960-421b-8f67-c75a01f79316,5/1/2024,10,9,0,10
"https://static.wixstatic.com/media/d981d2_6248b113da7f440e843af5454217dd0d~mv2.png/v1/fill/w_50,h_50,al_c,q_80,usm_0.66_1.00_0.01/d981d2_6248b113da7f440e843af5454217dd0d~mv2.png",Navigating Non-Dilutive Business Loans: A Smart Financial Strategy,4/29/2024,Business Funding,8ee63cee-1f83-4adb-82e3-57fe9cb42745,4/29/2024,4,4,0,4
"https://static.wixstatic.com/media/d981d2_9e3426b230d6459d97cce415f5a4934e~mv2.png/v1/fill/w_50,h_50,al_c,q_80,usm_0.66_1.00_0.01/d981d2_9e3426b230d6459d97cce415f5a4934e~mv2.png",Pros and Cons of Self-Funding Your Startup,4/26/2024,Business Funding,caa5ab0e-56e1-4b3d-bf2e-eafb8e16c4a3,4/26/2024,28,24,0,25
"https://static.wixstatic.com/media/d981d2_8e7cf390445e4890a62e372ff1cca221~mv2.jpg/v1/fill/w_50,h_50,al_c,q_80,usm_0.66_1.00_0.01/d981d2_8e7cf390445e4890a62e372ff1cca221~mv2.jpg",Supercharge Your DAC Affiliate Program: Strategies for Team Growth and Earning with David Allen Capital,4/22/2024,"Loan Broker & Affiliate Program,Business Funding",f8f93bc8-5d76-4508-877a-29b91d34a558,4/22/2024,16,14,0,15
"https://static.wixstatic.com/media/d981d2_17d18fbdaa9e476795acbcabc63e55ca~mv2.webp/v1/fill/w_50,h_50,al_c,q_80,usm_0.66_1.00_0.01/d981d2_17d18fbdaa9e476795acbcabc63e55ca~mv2.webp",Unlocking Opportunities: Hard Money Lenders for Real Estate Investors,4/17/2024,Real Estate Funding,498e81e6-81ce-4da7-b9c9-ddaf4c95754e,4/17/2024,14,11,1,12
"https://static.wixstatic.com/media/d981d2_10105f30bbc1484b82b9b6732cb25737~mv2.jpg/v1/fill/w_50,h_50,al_c,q_80,usm_0.66_1.00_0.01/d981d2_10105f30bbc1484b82b9b6732cb25737~mv2.jpg",Venture Capitalist Investor Mentality with Revenue Sharing in DAC Affiliate Program,4/10/2024,Loan Broker & Affiliate Program,cea05463-ca22-4984-8e27-3c5755ffc186,4/10/2024,10,10,0,10
https://manage.wix.com/analytics-ng/assets/svg/placeholder.svg,Empowering Financial Growth: A Deep Dive into DAC's Affiliate Program and Services,3/29/2024,"Loan Broker & Affiliate Program,Resources",056f72af-9278-43dc-a316-ff40277cdfed,4/2/2024,10,10,0,10
"https://static.wixstatic.com/media/d981d2_17e60d393e76494fa063a684a75cea63~mv2.png/v1/fill/w_50,h_50,al_c,q_80,usm_0.66_1.00_0.01/d981d2_17e60d393e76494fa063a684a75cea63~mv2.png",Unveiling the Layers of Credit Card Stacking: A Revolutionary or Risky Business Finance Strategy?,1/31/2024,Business Funding,ab04074f-3e8a-4a46-8b2a-94542976339e,1/31/2024,16,11,0,14
"https://static.wixstatic.com/media/d981d2_a71de69fde11413098f991331281ee4e~mv2.jpg/v1/fill/w_50,h_50,al_c,q_80,usm_0.66_1.00_0.01/d981d2_a71de69fde11413098f991331281ee4e~mv2.jpg",Crack the Credit Code: 100 Points to Financial Freedom,1/24/2024,Business Funding,9d9abaa6-86a1-402d-826a-2aa7f2983e63,1/24/2024,1,1,0,1
"https://static.wixstatic.com/media/d981d2_eccddce9a05e4f1a9d91517a76006506~mv2.png/v1/fill/w_50,h_50,al_c,q_80,usm_0.66_1.00_0.01/d981d2_eccddce9a05e4f1a9d91517a76006506~mv2.png",Unlocking the Potential of SBA Loans for Business Growth,1/23/2024,Business Funding,2b79a28b-8d63-4d90-b7b3-15a8ae41bbee,1/23/2024,4,4,0,4
"https://static.wixstatic.com/media/d981d2_58a4724dcde748b88c60dca111f1f02e~mv2.png/v1/fill/w_50,h_50,al_c,q_80,usm_0.66_1.00_0.01/d981d2_58a4724dcde748b88c60dca111f1f02e~mv2.png",Microloans: The Small Engines Driving Big Economic Transformations,1/22/2024,Business Funding,05ea6664-5afc-436d-8df7-033a7319c14d,1/22/2024,5,5,0,5
"https://static.wixstatic.com/media/d981d2_bdb2e52c898b416690ffb1f2638d1493~mv2.png/v1/fill/w_50,h_50,al_c,q_80,usm_0.66_1.00_0.01/d981d2_bdb2e52c898b416690ffb1f2638d1493~mv2.png",Acquisition Financing: Your Strategic Engine for Growth,1/17/2024,Business Funding,5f7fd6cc-7000-479d-aba9-3aca812eb43f,1/23/2024,5,4,0,4
https://manage.wix.com/analytics-ng/assets/svg/placeholder.svg,Mastering ChatGPT Prompts: Innovating Loan Brokerage with AI,1/16/2024,Unknown,e88edba9-383e-41bb-b310-da16bf027d0a,1/16/2024,15,11,0,13
"https://static.wixstatic.com/media/d981d2_49a67387deac42e7913b1da60d9fb2dc~mv2.jpg/v1/fill/w_50,h_50,al_c,q_80,usm_0.66_1.00_0.01/d981d2_49a67387deac42e7913b1da60d9fb2dc~mv2.jpg",The Power of Creative Financing: How Entrepreneurs Overcome Financial Challenges,1/2/2024,Business Funding,d0de8092-4f46-46a8-a60d-912354990401,1/2/2024,6,5,0,6
https://manage.wix.com/analytics-ng/assets/svg/placeholder.svg,Instant Funding for Gig Workers (2026): Up to $20K Fast,12/27/2023,"Gig Worker Funding,Business Funding,eCommerce Seller Funding",e7da7efd-1c4e-40f8-bba7-b64df877dcd0,2/25/2026,"1,400","1,023",0,"1,181"
"https://static.wixstatic.com/media/d981d2_4a51185d4aaa486d81ab962fda0fec28~mv2.png/v1/fill/w_50,h_50,al_c,q_80,usm_0.66_1.00_0.01/d981d2_4a51185d4aaa486d81ab962fda0fec28~mv2.png",Get $$$ FAST with Credibly? Small Biz Owner's DIRTY TRUTH about This Lender!,12/19/2023,"Business Funding,Resources",7a521d7d-e1bc-4eb3-bcfd-a33839423bca,1/3/2024,18,15,0,16
"https://static.wixstatic.com/media/d981d2_e39e85270f16435482881c7dbef96b1a~mv2.jpg/v1/fill/w_50,h_50,al_c,q_80,usm_0.66_1.00_0.01/d981d2_e39e85270f16435482881c7dbef96b1a~mv2.jpg",Navigating Ecommerce Funding: The Rise of Revenue-Based Financing,12/18/2023,Business Funding,a4c79864-a970-4cda-b994-a938f886a0d2,12/18/2023,2,2,0,2
"https://static.wixstatic.com/media/d981d2_7ad971cc3f8d4958aeaed594f1cf08cc~mv2.png/v1/fill/w_50,h_50,al_c,q_80,usm_0.66_1.00_0.01/d981d2_7ad971cc3f8d4958aeaed594f1cf08cc~mv2.png",How to Get Started as a Loan Broker: Your Guide to Success,12/18/2023,,da1aaab8-a153-448b-a5cf-3d6ee8127076,12/18/2023,7,7,0,7
"https://static.wixstatic.com/media/d981d2_f60035ec7ffd4579b9ec09d26a47138c~mv2.jpg/v1/fill/w_50,h_50,al_c,q_80,usm_0.66_1.00_0.01/d981d2_f60035ec7ffd4579b9ec09d26a47138c~mv2.jpg",Loan vs Line of Credit: Which is Better for Your Business? (FREE DOWNLOAD),12/12/2023,"Business Funding,Resources",c7393453-aac2-4d99-8ca2-91050caacbd4,1/3/2024,2,2,0,1
"https://static.wixstatic.com/media/d981d2_e006820ccbde4057b285ec6503435505~mv2.jpg/v1/fill/w_50,h_50,al_c,q_80,usm_0.66_1.00_0.01/d981d2_e006820ccbde4057b285ec6503435505~mv2.jpg",Term Loans Demystified: Long-Term Growth for Entrepreneurs,12/11/2023,Business Funding,7554d474-fef3-4de5-ac19-0f919de58b69,12/11/2023,5,5,0,5
"https://static.wixstatic.com/media/d981d2_47e74f46df5a4a08b79ca4618c89a00e~mv2.jpg/v1/fill/w_50,h_50,al_c,q_80,usm_0.66_1.00_0.01/d981d2_47e74f46df5a4a08b79ca4618c89a00e~mv2.jpg",How to Connect with Investors in Minutes Not Months: The Power of AI-Driven Outreach,12/8/2023,"Resources,Business Funding",b207323b-b730-440e-ae1b-32386bbd0fb0,12/8/2023,4,2,0,2
"https://static.wixstatic.com/media/d981d2_354b14c135974f939684a06682d5eabe~mv2.jpg/v1/fill/w_50,h_50,al_c,q_80,usm_0.66_1.00_0.01/d981d2_354b14c135974f939684a06682d5eabe~mv2.jpg",How SaaS Companies Boost Growth with Revenue-Based Financing,12/4/2023,Business Funding,9e0c7460-bbc8-46d9-98c7-b2deb1886a0c,12/4/2023,11,10,0,11
"https://static.wixstatic.com/media/d981d2_30f49f4ab1614c25a175d2090ac46882~mv2.png/v1/fill/w_50,h_50,al_c,q_80,usm_0.66_1.00_0.01/d981d2_30f49f4ab1614c25a175d2090ac46882~mv2.png",Tech Stack for Success: Must-Have Tools for Modern Loan Brokers,11/27/2023,,dcd65491-455c-432f-977e-1924a5624b03,11/27/2023,11,9,0,9
"https://static.wixstatic.com/media/d981d2_dfa30142c1614ce786b9caf02b7ccc04~mv2.png/v1/fill/w_50,h_50,al_c,q_80,usm_0.66_1.00_0.01/d981d2_dfa30142c1614ce786b9caf02b7ccc04~mv2.png",Unleashing the eCommerce Potential with SellersFi - An Honest Review,11/21/2023,"Business Funding,Resources",7b5a6c78-54db-48d5-8e93-b23d7af12908,11/21/2023,8,8,0,8
"https://static.wixstatic.com/media/d981d2_5019f8520ab847b09498f1b50ad034ab~mv2.png/v1/fill/w_50,h_50,al_c,q_80,usm_0.66_1.00_0.01/d981d2_5019f8520ab847b09498f1b50ad034ab~mv2.png",Navigating the Seas of eCommerce Funding – Insights from 'AltFinance: The Funding Frontier',11/20/2023,Business Funding,02527110-274d-4a25-a496-bab8551c55b3,11/20/2023,6,5,0,6
"https://static.wixstatic.com/media/d981d2_e6c215afb9ba462e8f24fc0d6df45d76~mv2.png/v1/fill/w_50,h_50,al_c,q_80,usm_0.66_1.00_0.01/d981d2_e6c215afb9ba462e8f24fc0d6df45d76~mv2.png",Harnessing ChatGPT: A Game-Changer for Loan Brokers | Unveiling the Future of Finance,11/20/2023,Business Funding,20235095-f59a-422b-b10e-eec53d4c57d9,11/20/2023,3,2,0,2
"https://static.wixstatic.com/media/d981d2_97139d6c71f64bbeb1b29230852308ac~mv2.png/v1/fill/w_50,h_50,al_c,q_80,usm_0.66_1.00_0.01/d981d2_97139d6c71f64bbeb1b29230852308ac~mv2.png",Instant Cash Flow: How Micro Funding is Revolutionizing the Gig Economy,11/13/2023,Business Funding,cbfce792-b4cf-4b7a-8e24-77fb8f0ce33d,11/20/2023,2,2,0,2
"https://static.wixstatic.com/media/d981d2_3617368c9dab4c908f11a5e63a75405b~mv2.png/v1/fill/w_50,h_50,al_c,q_80,usm_0.66_1.00_0.01/d981d2_3617368c9dab4c908f11a5e63a75405b~mv2.png",Unlocking Growth: The ABC's of Revenue-Based Financing,11/6/2023,Business Funding,9b382fc9-d2f8-4767-8bf7-6446f283edbf,11/13/2023,9,7,0,8
"https://static.wixstatic.com/media/nsplsh_9c92cdb7af434a859f18c862be89309c~mv2.jpg/v1/fill/w_50,h_50,al_c,q_80,usm_0.66_1.00_0.01/nsplsh_9c92cdb7af434a859f18c862be89309c~mv2.jpg",Navigating the Waters: A Comprehensive Guide to Financing Your Dream Home in Mexico,10/31/2023,Real Estate Funding,c39aeb87-f289-4e9c-9892-4a549a0ed6cf,10/31/2023,1,1,0,1
"https://static.wixstatic.com/media/d981d2_024aadc16ba2465984af772a5ed26cf9~mv2.png/v1/fill/w_50,h_50,al_c,q_80,usm_0.66_1.00_0.01/d981d2_024aadc16ba2465984af772a5ed26cf9~mv2.png",Unraveling the Intricacies of Rental Property Financing with Visio Lending: A Comprehensive Review,10/31/2023,Real Estate Funding,6511e453-b833-403b-9d94-27c0b1e49ffa,10/31/2023,9,7,1,8
"https://static.wixstatic.com/media/d981d2_3326e71fbd9a4ed689a6526a7fdbd456~mv2.png/v1/fill/w_50,h_50,al_c,q_80,usm_0.66_1.00_0.01/d981d2_3326e71fbd9a4ed689a6526a7fdbd456~mv2.png",Unveiling the Broker’s Financial Palette: An In-depth Exploration into Loan Brokering,10/30/2023,,32b26b69-8765-4abb-b45a-700a8df9ea27,10/30/2023,2,2,0,2
"https://static.wixstatic.com/media/d981d2_3cb2ec51c8ac4df5ae5f27b729cb5bbb~mv2.webp/v1/fill/w_50,h_50,al_c,q_80,usm_0.66_1.00_0.01/d981d2_3cb2ec51c8ac4df5ae5f27b729cb5bbb~mv2.webp",Empowering Financial Futures: A Look at Fundera by NerdWallet,10/26/2023,"Business Funding,Services,Resources",678a5af8-94fc-4a76-a878-84a2f58b95fe,10/26/2023,15,12,0,14
"https://static.wixstatic.com/media/d981d2_f6d037c7f76c4c89857fd0774138e6d2~mv2.jpeg/v1/fill/w_50,h_50,al_c,q_80,usm_0.66_1.00_0.01/d981d2_f6d037c7f76c4c89857fd0774138e6d2~mv2.jpeg",Unleashing Financial Freedom: A Review of 0% Credit Lines by 7 Figures Funding,10/25/2023,,15d973ef-0803-4b2a-afba-4a2f9891e1b2,10/25/2023,2,2,0,2
https://manage.wix.com/analytics-ng/assets/svg/placeholder.svg,Broker Brilliance: Unlocking the Mindset of a Successful Loan Broker | The Funding Agency Ep. #3,10/25/2023,,39600bcb-880c-4b3d-92d6-4ea089c439df,10/25/2023,2,2,0,2
"https://static.wixstatic.com/media/ec6f92_7e5c70ef50c64f4a9b97bd25d5a3ab7e~mv2.jpg/v1/fill/w_50,h_50,al_c,q_80,usm_0.66_1.00_0.01/ec6f92_7e5c70ef50c64f4a9b97bd25d5a3ab7e~mv2.jpg",The Business Credit Builder: From Basics to Growth | Free Course,10/18/2023,,5e4e2595-2a9b-487a-9943-da1b3f2070dd,10/18/2023,4,3,0,3
https://manage.wix.com/analytics-ng/assets/svg/placeholder.svg,Navigating The Financial Maze: Banks or Brokers for Your Business Funding?,10/17/2023,Business Funding,8bfb1bc9-e88c-4ef9-901d-850da9e74f06,10/17/2023,3,2,0,3
https://manage.wix.com/analytics-ng/assets/svg/placeholder.svg,New Silver Real Estate Financing Review,10/12/2023,Real Estate Funding,57bb3fe6-36d8-4054-bccf-821648cf3cc9,10/12/2023,10,10,0,10
"https://static.wixstatic.com/media/d981d2_21963cfcc6fc4ef58182c85d035d5016~mv2.jpg/v1/fill/w_50,h_50,al_c,q_80,usm_0.66_1.00_0.01/d981d2_21963cfcc6fc4ef58182c85d035d5016~mv2.jpg",Best AI Credit Improvement Apps 2023: Top 10,10/11/2023,,dcf0bba3-26bf-4510-a1e1-504696ee2901,10/11/2023,8,7,0,7
"https://static.wixstatic.com/media/d981d2_a97b42eb4e404d7f9697cabf5a4756c4~mv2.jpg/v1/fill/w_50,h_50,al_c,q_80,usm_0.66_1.00_0.01/d981d2_a97b42eb4e404d7f9697cabf5a4756c4~mv2.jpg",Breaking Financial Barriers: The Rise of Alternative Financing for Startups with Moonshine Capital,10/4/2023,Business Funding,68e7f1dc-2e84-47ee-b4df-78b289e6fd04,10/4/2023,16,2,0,15
"https://static.wixstatic.com/media/d981d2_84205e106254495c9c1312a9a07d33e1~mv2.png/v1/fill/w_50,h_50,al_c,q_80,usm_0.66_1.00_0.01/d981d2_84205e106254495c9c1312a9a07d33e1~mv2.png",Beyond Banks: Discover the Best Alternative Lending Platforms for Startups,10/3/2023,Business Funding,8f7982da-d8ab-43ae-97ac-e07f6030421d,10/3/2023,6,5,0,5
"https://static.wixstatic.com/media/ec6f92_75f5fd65af3440a1bc0e19da5b71f524~mv2.jpg/v1/fill/w_50,h_50,al_c,q_80,usm_0.66_1.00_0.01/ec6f92_75f5fd65af3440a1bc0e19da5b71f524~mv2.jpg",Unveiling Brand Potential with Brand Therapy Coaching,9/27/2023,Services,a118daf9-5f3d-48c0-b093-a74a70f7c208,9/27/2023,1,1,0,1
"https://static.wixstatic.com/media/ec6f92_e31f3914b5564f8f9702273cd9aa9a2b~mv2.png/v1/fill/w_50,h_50,al_c,q_80,usm_0.66_1.00_0.01/ec6f92_e31f3914b5564f8f9702273cd9aa9a2b~mv2.png",Unlocking Financial Growth: A Closer Look at 7 Figures Funding,9/26/2023,Business Funding,ee8dd482-c322-417b-ac3a-b4f4a3591c8f,9/26/2023,3,3,0,3
"https://static.wixstatic.com/media/d981d2_b4306317872a47c798f175e5a04c6ccf~mv2.png/v1/fill/w_50,h_50,al_c,q_80,usm_0.66_1.00_0.01/d981d2_b4306317872a47c798f175e5a04c6ccf~mv2.png",Mastering Credit Management: A Moonshine Capital Review of Credit Sesame,9/20/2023,,e655cc37-581b-4a0a-9f48-855c4ddc4c13,9/20/2023,24,15,1,16
https://manage.wix.com/analytics-ng/assets/svg/placeholder.svg,Fund or Foe? Navigating the Emotional Maze of Friends & Family Funding,9/8/2023,Business Funding,9b1a291e-0bc5-491a-ab43-bc1d703c560b,9/8/2023,2,2,0,2
"https://static.wixstatic.com/media/d981d2_a5bc3652806f4213b35590a9760def6d~mv2.png/v1/fill/w_50,h_50,al_c,q_80,usm_0.66_1.00_0.01/d981d2_a5bc3652806f4213b35590a9760def6d~mv2.png",Unlocking Growth: Revenue-Based Financing vs. Traditional Capital – A Game Changer for Entrepreneurs,8/1/2023,"Business Funding,Resources",2ebe927f-d9bc-4b23-a183-ad17a4c2ca01,8/2/2023,9,6,0,8
"https://static.wixstatic.com/media/d981d2_ed7f3f297d344c2b9cda77e2166c4893~mv2.jpg/v1/fill/w_50,h_50,al_c,q_80,usm_0.66_1.00_0.01/d981d2_ed7f3f297d344c2b9cda77e2166c4893~mv2.jpg",Exploring Fund&Grow's Card Stacking Membership,7/19/2023,Business Funding,85dce378-90a6-4704-8770-ca909c9b37eb,7/19/2023,6,5,0,5
"https://static.wixstatic.com/media/d981d2_aaea6e5c3e424513a398b0fd3185789c~mv2.jpg/v1/fill/w_50,h_50,al_c,q_80,usm_0.66_1.00_0.01/d981d2_aaea6e5c3e424513a398b0fd3185789c~mv2.jpg",Revenue-Based Financing: An Alternative to Venture Capital,7/18/2023,Business Funding,4b6c41df-d869-4afc-a9cd-cfc1aa9009e5,7/18/2023,9,6,0,7
"https://static.wixstatic.com/media/d981d2_0fb26673629e4a97bc2ebcd95644b79b~mv2.jpg/v1/fill/w_50,h_50,al_c,q_80,usm_0.66_1.00_0.01/d981d2_0fb26673629e4a97bc2ebcd95644b79b~mv2.jpg",Harnessing the Power of Revenue-based Financing for Business Acquisition,7/5/2023,Business Funding,e5b82abf-d831-4fec-a096-29e6afa0f4fe,7/5/2023,28,22,0,24
"https://static.wixstatic.com/media/d981d2_fa8e411324f2449296348f8eb5d551bd~mv2.gif/v1/fill/w_50,h_50,al_c,q_80,usm_0.66_1.00_0.01/d981d2_fa8e411324f2449296348f8eb5d551bd~mv2.gif",Mastering Corporate Credit: Your Essential Guide to Prepare and Build it Yourself,7/2/2023,,5b0f5eac-5a55-402a-b234-73eafaf5defe,7/2/2023,5,3,0,3
"https://static.wixstatic.com/media/d981d2_8bf629864f584b8cae958fef690f8426~mv2.jpg/v1/fill/w_50,h_50,al_c,q_80,usm_0.66_1.00_0.01/d981d2_8bf629864f584b8cae958fef690f8426~mv2.jpg",How to Get Multiple Business Credit Cards: A Comprehensive Guide,7/1/2023,,2bc3c728-284f-421c-8f52-e922aa12561c,7/1/2023,5,5,0,5
"https://static.wixstatic.com/media/d981d2_a55fb2a4c7604ac18ce5047ec87306c6~mv2.jpg/v1/fill/w_50,h_50,al_c,q_80,usm_0.66_1.00_0.01/d981d2_a55fb2a4c7604ac18ce5047ec87306c6~mv2.jpg",SaaS Funding: Raise Capital Without Giving Up Equity,6/27/2023,Business Funding,321efd5b-1d18-4f3a-84ef-a0a370909c9c,6/27/2023,4,3,0,3
"https://static.wixstatic.com/media/d981d2_d949978ec1c94cd682f606fe96ccedd3~mv2.jpg/v1/fill/w_50,h_50,al_c,q_80,usm_0.66_1.00_0.01/d981d2_d949978ec1c94cd682f606fe96ccedd3~mv2.jpg",Empowering Entrepreneurs: Uncapped's Founder-Friendly Revenue-Based Financing (RBF),6/6/2023,"Business Funding,Resources",71954495-b88d-4075-b252-a24f719b8149,6/7/2023,11,10,0,10
"https://static.wixstatic.com/media/nsplsh_a7b76469a74d4208966e9e0ddf9dd32c~mv2.jpg/v1/fill/w_50,h_50,al_c,q_80,usm_0.66_1.00_0.01/nsplsh_a7b76469a74d4208966e9e0ddf9dd32c~mv2.jpg",The Future of Home Financing: A Comparison of eMortgage Warp Speed Mortgage & OneTrust Home Loans,5/19/2023,Real Estate Funding,24b58e57-4c8b-4104-83a8-99b4d3c69b74,5/19/2023,0,0,0,0
"https://static.wixstatic.com/media/d981d2_6f1acb1cbc1b49b8acc1c025efb68248~mv2.jpg/v1/fill/w_50,h_50,al_c,q_80,usm_0.66_1.00_0.01/d981d2_6f1acb1cbc1b49b8acc1c025efb68248~mv2.jpg",Fund That Flip: A Trailblazer in Crowdfunded Real Estate Investing,5/16/2023,"Real Estate Funding,Business Funding,Resources",643fead3-7606-4a4c-b022-be45f3b701c8,5/16/2023,3,3,0,3
"https://static.wixstatic.com/media/d981d2_1b999e23a23941908e7cdbf126884275~mv2.png/v1/fill/w_50,h_50,al_c,q_80,usm_0.66_1.00_0.01/d981d2_1b999e23a23941908e7cdbf126884275~mv2.png",Unveiling the Power of EquityNet: A Paradigm Shift in the Fintech Landscape,5/12/2023,Business Funding,5346e872-1c4c-4232-a002-a5ebccbef764,5/12/2023,17,17,0,17
"https://static.wixstatic.com/media/d981d2_a2802bde9e024f96b6095071ff9f75d6~mv2.jpg/v1/fill/w_50,h_50,al_c,q_80,usm_0.66_1.00_0.01/d981d2_a2802bde9e024f96b6095071ff9f75d6~mv2.jpg",Ramp Corporate Card: A New Era of Fintech and Expense Automation,5/10/2023,Resources,598287b5-6452-4df5-839d-fc8901a1f08a,5/10/2023,18,17,0,18
"https://static.wixstatic.com/media/d981d2_aaea6e5c3e424513a398b0fd3185789c~mv2.jpg/v1/fill/w_50,h_50,al_c,q_80,usm_0.66_1.00_0.01/d981d2_aaea6e5c3e424513a398b0fd3185789c~mv2.jpg",The Role of Revenue-Based Financing in the Fintech Revolution,5/9/2023,Business Funding,b26c0ae3-66c9-4e5c-828f-8595d8ad5f1b,5/10/2023,27,21,0,26
"https://static.wixstatic.com/media/d981d2_46c32c127ddb45a698e7ee8de4635312~mv2.jpg/v1/fill/w_50,h_50,al_c,q_80,usm_0.66_1.00_0.01/d981d2_46c32c127ddb45a698e7ee8de4635312~mv2.jpg",The Evolution of Revenue-Based Financing: From Origins to Modern Day Adoption,5/3/2023,Business Funding,8cc6caab-9f24-4a39-a9eb-658b029c5262,5/10/2023,8,8,0,8
"https://static.wixstatic.com/media/d981d2_a2f67c022e5c45a4b5bf62450246465e~mv2.jpeg/v1/fill/w_50,h_50,al_c,q_80,usm_0.66_1.00_0.01/d981d2_a2f67c022e5c45a4b5bf62450246465e~mv2.jpeg",How 'Warp Speed Mortgage' is Revolutionizing the Home Loan Industry,5/1/2023,Real Estate Funding,32ef2ca9-6a84-49a6-97b0-107548cee563,5/1/2023,55,47,0,51
"https://static.wixstatic.com/media/d981d2_c5987ee00d6b4edd87663af85be97f9d~mv2.jpeg/v1/fill/w_50,h_50,al_c,q_80,usm_0.66_1.00_0.01/d981d2_c5987ee00d6b4edd87663af85be97f9d~mv2.jpeg",Unlock Your Dream Home: The Ultimate Guide to OneTrust Home Loans,4/17/2023,Real Estate Funding,e1f72534-3f03-47aa-bcaa-ac8e755a2d46,4/17/2023,22,22,0,22
"https://static.wixstatic.com/media/d981d2_e6a5b5a3253b44daa29fa72b4266b0e7~mv2.jpeg/v1/fill/w_50,h_50,al_c,q_80,usm_0.66_1.00_0.01/d981d2_e6a5b5a3253b44daa29fa72b4266b0e7~mv2.jpeg",The Revolutionary Way to Build Credit Using a Debit Card,4/11/2023,Resources,48ddc350-dd79-4fe9-afd7-2646ca757453,4/14/2023,35,27,2,30
"https://static.wixstatic.com/media/d981d2_bca42c9787414bdca2ad4ac27d7b394d~mv2.jpg/v1/fill/w_50,h_50,al_c,q_80,usm_0.66_1.00_0.01/d981d2_bca42c9787414bdca2ad4ac27d7b394d~mv2.jpg",National Business Capital: Your One-Stop Shop for Funding Solutions,4/4/2023,Business Funding,209a4f9e-c739-42ab-9741-da62151b36e3,4/4/2023,2,2,0,2
"https://static.wixstatic.com/media/d981d2_16ead00f3a94468b8fe70f2751beb67c~mv2.png/v1/fill/w_50,h_50,al_c,q_80,usm_0.66_1.00_0.01/d981d2_16ead00f3a94468b8fe70f2751beb67c~mv2.png",Bad Credit? No Problem! A Review of BadCreditLoans.com,3/24/2023,"Business Funding,Resources",c8f921a5-8c92-43b9-ae15-44f9300acce2,3/24/2023,54,35,4,41
"https://static.wixstatic.com/media/d981d2_3d6cbe914cb542fd9fb379b74415f7a1~mv2.jpg/v1/fill/w_50,h_50,al_c,q_80,usm_0.66_1.00_0.01/d981d2_3d6cbe914cb542fd9fb379b74415f7a1~mv2.jpg",Why You Shouldn't Use Your Own Money for Real Estate Investments,3/23/2023,Real Estate Funding,a0f869f6-3c86-47be-8e36-1345662a8c66,5/9/2023,4,4,0,4
"https://static.wixstatic.com/media/d981d2_5072ca560a344c1cb34faab895e9f1e7~mv2.png/v1/fill/w_50,h_50,al_c,q_80,usm_0.66_1.00_0.01/d981d2_5072ca560a344c1cb34faab895e9f1e7~mv2.png",The Future of Funding: Revenue-Based Financing Explained,3/21/2023,Business Funding,86a1411e-9af4-4e6f-b815-b8869625ede9,4/2/2023,16,12,0,15
"https://static.wixstatic.com/media/d981d2_b29c49a57cb84f23885a0fc71066188f~mv2.jpg/v1/fill/w_50,h_50,al_c,q_80,usm_0.66_1.00_0.01/d981d2_b29c49a57cb84f23885a0fc71066188f~mv2.jpg",Fundera Review: Pros Cons Qualifications & Rates,3/20/2023,Business Funding,c3f79d35-10ec-4547-9026-daabeea606e2,3/20/2023,12,10,0,11
"https://static.wixstatic.com/media/d981d2_bc07cb31594841aea35c2f4afc5ee2de~mv2.png/v1/fill/w_50,h_50,al_c,q_80,usm_0.66_1.00_0.01/d981d2_bc07cb31594841aea35c2f4afc5ee2de~mv2.png",Fast Funding for Small Businesses: An In-Depth Review of DAC,3/14/2023,"Business Funding,Resources",eeeee535-dcc6-4981-a8cb-b5be5b9dbec4,3/14/2023,71,58,0,64
"https://static.wixstatic.com/media/d981d2_3b3f7379d9a14e83bb040e7e4403a639~mv2.jpg/v1/fill/w_50,h_50,al_c,q_80,usm_0.66_1.00_0.01/d981d2_3b3f7379d9a14e83bb040e7e4403a639~mv2.jpg",Lifting Your Business Up with Uplyft Capital: A Comprehensive Review,3/13/2023,Business Funding,eff4b6f2-b029-43e1-bc90-3cf256baaedf,3/13/2023,10,8,2,9
"https://static.wixstatic.com/media/d981d2_5bab76d4b03e4013835e0762834e1954~mv2.webp/v1/fill/w_50,h_50,al_c,q_80,usm_0.66_1.00_0.01/d981d2_5bab76d4b03e4013835e0762834e1954~mv2.webp",PersonalLoans.com Review: Pros Cons Qualifications and Rates,3/1/2023,Business Funding,a5530226-b215-457f-97ce-4b4691424a11,3/1/2023,19,17,0,17
"https://static.wixstatic.com/media/d981d2_643bb6de51e4496daa26fa6bd2797e67~mv2.jpg/v1/fill/w_50,h_50,al_c,q_80,usm_0.66_1.00_0.01/d981d2_643bb6de51e4496daa26fa6bd2797e67~mv2.jpg",Need Cash? Compare These 5 Easily Approved Personal Loan Lenders,2/15/2023,"Business Funding,Resources",0f574731-8ffd-4eca-ae38-ae1c2621b306,3/14/2023,20,13,0,16
"https://static.wixstatic.com/media/d981d2_f7a63464ea0b4deb8877648b3e521080~mv2.jpg/v1/fill/w_50,h_50,al_c,q_80,usm_0.66_1.00_0.01/d981d2_f7a63464ea0b4deb8877648b3e521080~mv2.jpg",Revenue-Based Financing for SaaS Startups and Tech Companies,2/10/2023,Business Funding,26a264a1-7c57-4e09-85ff-c94b9c3ea3c0,5/2/2023,8,7,0,8
"https://static.wixstatic.com/media/d981d2_cdd9e14c795847179d5d96c01c1ef155~mv2.jpg/v1/fill/w_50,h_50,al_c,q_80,usm_0.66_1.00_0.01/d981d2_cdd9e14c795847179d5d96c01c1ef155~mv2.jpg",SMB Compass Review: Financing Solutions for Small Businesses,2/1/2023,Business Funding,e4ecf112-8088-4a73-ba02-d857a1a6b9f2,2/1/2023,6,5,0,5
"https://static.wixstatic.com/media/d981d2_df4cdae63246475eb711d65f7ea9de8a~mv2.png/v1/fill/w_50,h_50,al_c,q_80,usm_0.66_1.00_0.01/d981d2_df4cdae63246475eb711d65f7ea9de8a~mv2.png",Exploring the Benefits and Risks of Nexo's Crypto-Backed Loans,1/19/2023,Crypto,37fac216-274a-4af1-a412-cbea8ae030ad,1/19/2023,6,3,0,6
"https://static.wixstatic.com/media/d981d2_1d1142a8e4fd4917917618fba4e45ed5~mv2.png/v1/fill/w_50,h_50,al_c,q_80,usm_0.66_1.00_0.01/d981d2_1d1142a8e4fd4917917618fba4e45ed5~mv2.png",6 Popular Types of Business Financing Explained,1/18/2023,,126ac0ce-bfb7-4fe2-86ba-a12e65a9cdb3,1/18/2023,3,1,0,2
"https://static.wixstatic.com/media/d981d2_3b3ad93012b146a8a2083d97e0142323~mv2.png/v1/fill/w_50,h_50,al_c,q_80,usm_0.66_1.00_0.01/d981d2_3b3ad93012b146a8a2083d97e0142323~mv2.png",What is Tradeline Credit?,1/13/2023,,05431f0d-f6b5-4cc4-a509-dcd1f1095cdd,1/13/2023,10,9,0,9
"https://static.wixstatic.com/media/d981d2_51d71d38e31b43008c186a389ef10c59~mv2.png/v1/fill/w_50,h_50,al_c,q_80,usm_0.66_1.00_0.01/d981d2_51d71d38e31b43008c186a389ef10c59~mv2.png",Revolutionizing Credit Repair: How AI is Transforming the Industry,1/12/2023,Resources,552376f5-7fef-49aa-918c-38ba0d4c8ba1,1/12/2023,4,4,0,4
"https://static.wixstatic.com/media/d981d2_510cd04bc93b406888fa8932d63a9227~mv2.png/v1/fill/w_50,h_50,al_c,q_80,usm_0.66_1.00_0.01/d981d2_510cd04bc93b406888fa8932d63a9227~mv2.png",10 of the Best Online Lenders to Get Funding for ANY Reason,1/9/2023,"Business Funding,Resources,Services",0ff098a9-bf83-4dea-b8b8-d109afd10122,1/11/2023,63,51,0,56
"https://static.wixstatic.com/media/nsplsh_eb9dbe529af8468bbb60b9265f4678a6~mv2.jpg/v1/fill/w_50,h_50,al_c,q_80,usm_0.66_1.00_0.01/nsplsh_eb9dbe529af8468bbb60b9265f4678a6~mv2.jpg",7 of the Best Fintech Banking Apps Designed for Business,1/3/2023,"Business Funding,Banking",43e0b92c-a64a-4557-a6fe-4c9cfce28731,1/3/2023,152,148,0,150
"https://static.wixstatic.com/media/d981d2_5946f5a2aef24ef78f295d09a77e70a5~mv2.jpg/v1/fill/w_50,h_50,al_c,q_80,usm_0.66_1.00_0.01/d981d2_5946f5a2aef24ef78f295d09a77e70a5~mv2.jpg",Best No Credit Check Card to Rebuild Credit | OpenSky Secured Visa Review,12/16/2022,,ad01a076-ef2e-4450-803c-67be2dcc3d7d,12/16/2022,8,6,0,7
"https://static.wixstatic.com/media/d981d2_829f5700742646bc89b541fbfff35045~mv2.jpg/v1/fill/w_50,h_50,al_c,q_80,usm_0.66_1.00_0.01/d981d2_829f5700742646bc89b541fbfff35045~mv2.jpg",How to Get Funding for a Business Consulting Company,12/9/2022,,3f54d52a-d158-403a-955d-2ac0a33f80f8,12/9/2022,5,4,0,5
"https://static.wixstatic.com/media/d981d2_1ca2bbb966bb42ddae08a194512168ef~mv2.jpg/v1/fill/w_50,h_50,al_c,q_80,usm_0.66_1.00_0.01/d981d2_1ca2bbb966bb42ddae08a194512168ef~mv2.jpg",The Truth About Business Credit,12/2/2022,Events,f67a49c1-bd5e-4c94-bb2f-625900f6c147,12/2/2022,8,5,0,6
https://manage.wix.com/analytics-ng/assets/svg/placeholder.svg,Why Your Business Name is Critical to Funding,11/21/2022,Business Funding,cab38d83-bab3-40ff-84fa-d5eb65296be5,12/15/2022,6,4,0,6
"https://static.wixstatic.com/media/d981d2_8d952fe44d6647ccbd4b85abbc83ae97~mv2.png/v1/fill/w_50,h_50,al_c,q_80,usm_0.66_1.00_0.01/d981d2_8d952fe44d6647ccbd4b85abbc83ae97~mv2.png",What are the Tiers of Business Credit?,11/17/2022,,b3bfcec6-32ea-49c1-8b93-e50b368e28f3,11/17/2022,9,6,0,7
"https://static.wixstatic.com/media/d981d2_60d72a0295a24d1ba4044d2cdb8a4d8e~mv2.jpg/v1/fill/w_50,h_50,al_c,q_80,usm_0.66_1.00_0.01/d981d2_60d72a0295a24d1ba4044d2cdb8a4d8e~mv2.jpg",Q&A: Using a VA Loan to Purchase a Multi-Family Unit Property,11/11/2022,Real Estate Funding,47799a9a-02a0-4a93-851a-ef7251f31c5f,11/11/2022,4,3,0,3
"https://static.wixstatic.com/media/d981d2_55116a80e0a446579586e1e9fa723f07~mv2.jpg/v1/fill/w_50,h_50,al_c,q_80,usm_0.66_1.00_0.01/d981d2_55116a80e0a446579586e1e9fa723f07~mv2.jpg",Types of Unsecured Loans & Credit Cards Every Business Owner Should Know About,10/26/2022,,18afd9fe-1f04-44af-bb5d-6f5d1f3d56e6,10/27/2022,6,4,0,5
"https://static.wixstatic.com/media/d981d2_da19e9f2d7ff416d90140a5572d6516c~mv2.jpg/v1/fill/w_50,h_50,al_c,q_80,usm_0.66_1.00_0.01/d981d2_da19e9f2d7ff416d90140a5572d6516c~mv2.jpg",Defining Non-QM Loans and How to Choose the Right One,9/2/2022,Real Estate Funding,44b3179e-6e67-4d3f-82a3-dfeac4952f5b,9/2/2022,15,10,0,12
"https://static.wixstatic.com/media/d981d2_f47b67e8d23547419ed5f706b74a1d58~mv2.jpg/v1/fill/w_50,h_50,al_c,q_80,usm_0.66_1.00_0.01/d981d2_f47b67e8d23547419ed5f706b74a1d58~mv2.jpg",How To Fund Your Business Without A Loan,9/1/2022,Business Funding,54d7bd7f-f501-4b6a-b9c8-df9dcfb90dd2,11/23/2022,6,3,0,5
"https://static.wixstatic.com/media/d981d2_7e2ddb13c7bd45e1a82b4dfeb648618d~mv2.jpg/v1/fill/w_50,h_50,al_c,q_80,usm_0.66_1.00_0.01/d981d2_7e2ddb13c7bd45e1a82b4dfeb648618d~mv2.jpg",Regular Check-Ups & Long-Term Maintenance | Becoming Lendable (5 of 5),8/26/2022,Events,3d278368-1fc6-470a-b822-9567318713ed,8/26/2022,1,1,0,1
"https://static.wixstatic.com/media/d981d2_b5ab73493b6a4418aae2197a808c04e3~mv2.png/v1/fill/w_50,h_50,al_c,q_80,usm_0.66_1.00_0.01/d981d2_b5ab73493b6a4418aae2197a808c04e3~mv2.png",Inquiries: Checking Your Credit Can Hurt | Becoming Lendable (4 of 5),8/25/2022,Events,362af93e-cfc2-4798-91eb-f035841cd45a,9/2/2022,3,2,0,2
"https://static.wixstatic.com/media/d981d2_7cb1cf288b4244c0ab17b74ca452938f~mv2.png/v1/fill/w_50,h_50,al_c,q_80,usm_0.66_1.00_0.01/d981d2_7cb1cf288b4244c0ab17b74ca452938f~mv2.png",Killing Codes: Credit Bureaus Will Tell You What They Think Is Wrong | Becoming Lendable (3 of 5),8/24/2022,Events,33416a9a-3811-4529-bfec-fde4ece7e8f3,9/2/2022,1,1,0,1
"https://static.wixstatic.com/media/d981d2_222e8b0c92d7459ca5ffe5a99ca62456~mv2.jpg/v1/fill/w_50,h_50,al_c,q_80,usm_0.66_1.00_0.01/d981d2_222e8b0c92d7459ca5ffe5a99ca62456~mv2.jpg",Balance Is Key: Be Mindful of Your Balance-To-Limit Ratio | Becoming Lendable (2 of 5),8/23/2022,Events,8424ad53-6175-47d7-b344-419686d41237,8/23/2022,2,1,0,1
"https://static.wixstatic.com/media/d981d2_726f88d239394a849c62966a454af75c~mv2.jpg/v1/fill/w_50,h_50,al_c,q_80,usm_0.66_1.00_0.01/d981d2_726f88d239394a849c62966a454af75c~mv2.jpg",The Past Is Important: Be Aware of Your Credit History | Becoming Lendable (1 of 5),8/22/2022,Events,330322bc-93ca-420d-9d22-040a355c8506,9/2/2022,2,1,0,1
"https://static.wixstatic.com/media/d981d2_f203470b32ac448fa0389ee89d8f2691~mv2.jpg/v1/fill/w_50,h_50,al_c,q_80,usm_0.66_1.00_0.01/d981d2_f203470b32ac448fa0389ee89d8f2691~mv2.jpg",The Nation's Leading Short-Term & Vacation Rental Lender,8/20/2022,Real Estate Funding,395ce914-b988-463b-b7b2-2ab60563bbea,9/2/2022,7,5,0,6
https://manage.wix.com/analytics-ng/assets/svg/placeholder.svg,Long-Term Rental Loans for Residential Investment Properties,8/18/2022,Real Estate Funding,4a5bbce2-156e-4f89-b42f-fe181af33140,8/25/2022,12,11,1,11
https://manage.wix.com/analytics-ng/assets/svg/placeholder.svg,What Is Roofstock & How Can It Help You Invest In Real Estate?,8/17/2022,Real Estate Funding,d937e61c-3f38-47db-9471-48e47c85e49a,8/17/2022,10,10,0,10
https://manage.wix.com/analytics-ng/assets/svg/placeholder.svg,7 Best Small Business Loan Options: Which Is Right For You?,8/17/2022,"Business Funding,Services",d995c40d-3a04-4cd2-9d7b-a8f2fe511300,8/17/2022,5,3,0,5
"https://static.wixstatic.com/media/d981d2_e03320839ef24c979e7f146491c0e028~mv2.gif/v1/fill/w_50,h_50,al_c,q_80,usm_0.66_1.00_0.01/d981d2_e03320839ef24c979e7f146491c0e028~mv2.gif",How to Use Nav: Free Financing Profile Overview,8/11/2022,"Business Funding,Services",7caa62f4-2c44-40b8-ae7a-74274cf96d8b,8/11/2022,7,5,0,6
"https://static.wixstatic.com/media/d981d2_a8e5c08068164fbe8e5fb4f66dc2bb44~mv2.png/v1/fill/w_50,h_50,al_c,q_80,usm_0.66_1.00_0.01/d981d2_a8e5c08068164fbe8e5fb4f66dc2bb44~mv2.png",Top 7 Small Business Loans for Minorities,8/9/2022,"Business Funding,Services",0ce226ce-89bc-4dca-be56-c948a000b8c8,8/9/2022,8,4,1,6
"https://static.wixstatic.com/media/d981d2_1904bd13ffdc46bfbb8ef133a47a80c1~mv2.png/v1/fill/w_50,h_50,al_c,q_80,usm_0.66_1.00_0.01/d981d2_1904bd13ffdc46bfbb8ef133a47a80c1~mv2.png",Become A Small Business Investor Made Easy With Mainvest,8/5/2022,"Business Funding,Services",e03c94f4-89d4-4c7c-b648-a07bf2bf9a28,8/5/2022,7,4,0,5
"https://static.wixstatic.com/media/d981d2_c1df96b95ed243408dca5baef3ff1321~mv2.jpg/v1/fill/w_50,h_50,al_c,q_80,usm_0.66_1.00_0.01/d981d2_c1df96b95ed243408dca5baef3ff1321~mv2.jpg",Upstart Personal Loan Review: Is It The Right Loan For You?,8/4/2022,"Business Funding,Services",db3218ab-df5d-4a11-9793-7f24f13e6c45,3/13/2023,19,16,0,16
https://manage.wix.com/analytics-ng/assets/svg/placeholder.svg,What is Working Capital Financing? OnDeck Capital,8/4/2022,Business Funding,2c669321-bfab-4309-a8c5-a16691faa3c7,8/4/2022,7,6,0,7
"https://static.wixstatic.com/media/d981d2_185a4d44461847619a1d8e2f5e31b0a9~mv2.png/v1/fill/w_50,h_50,al_c,q_80,usm_0.66_1.00_0.01/d981d2_185a4d44461847619a1d8e2f5e31b0a9~mv2.png",A New Kind of Real Estate Financing with GROUNDFLOOR,7/29/2022,Real Estate Funding,c46f4288-2534-4162-9c70-030766e0ce04,7/29/2022,11,9,0,11
"https://static.wixstatic.com/media/d981d2_c2284c7b95cb4042aed368642bba4ac3~mv2.png/v1/fill/w_50,h_50,al_c,q_80,usm_0.66_1.00_0.01/d981d2_c2284c7b95cb4042aed368642bba4ac3~mv2.png",How To Get Funding For Anything With 3 C's,7/22/2022,Business Funding,0ce2455f-aadb-4044-84cb-64467cc4e94e,7/27/2022,8,3,0,5
"https://static.wixstatic.com/media/d981d2_54ebc36ea51041198fa9e6c89b45d458~mv2.jpg/v1/fill/w_50,h_50,al_c,q_80,usm_0.66_1.00_0.01/d981d2_54ebc36ea51041198fa9e6c89b45d458~mv2.jpg",Grant Cardone - How To Leverage Debt | Transcript,7/20/2022,Real Estate Funding,42b4f5ce-2670-4bd7-a1bd-8a547789f41b,7/27/2022,6,4,0,5
"https://static.wixstatic.com/media/d981d2_ffdf1d98455b4ed59d4b28b5abd66957~mv2.png/v1/fill/w_50,h_50,al_c,q_80,usm_0.66_1.00_0.01/d981d2_ffdf1d98455b4ed59d4b28b5abd66957~mv2.png",5 Things to Know About Virginia's New Financing Law,7/18/2022,Business Funding,156903cc-6e2c-4094-97a8-626a38bccc48,7/18/2022,4,3,0,4
"https://static.wixstatic.com/media/d981d2_e75e33652e6344e3bf77d1742a0e7a1d~mv2.png/v1/fill/w_50,h_50,al_c,q_80,usm_0.66_1.00_0.01/d981d2_e75e33652e6344e3bf77d1742a0e7a1d~mv2.png",7 Vendors to Build Business Credit With No Personal Credit Check or Guarantee,7/11/2022,,83e3356c-818d-4b4c-a304-b441c2d07ce1,7/11/2022,22,20,0,21
https://manage.wix.com/analytics-ng/assets/svg/placeholder.svg,Should I Buy Rental Real Estate with Debt? | Using Debt for Properties,7/1/2022,Real Estate Funding,5e409451-f89d-4804-b749-1aec7bdca0be,7/1/2022,2,2,0,2
"https://static.wixstatic.com/media/d981d2_ed7f3f297d344c2b9cda77e2166c4893~mv2.jpg/v1/fill/w_50,h_50,al_c,q_80,usm_0.66_1.00_0.01/d981d2_ed7f3f297d344c2b9cda77e2166c4893~mv2.jpg",Zero Interest Credit: Too Good To Be True?,6/21/2022,,51a12726-9468-475b-b93f-2025a268d18d,6/21/2022,12,9,0,10
"https://static.wixstatic.com/media/nsplsh_6e4200d644834f1083655b2a24d229ef~mv2.jpg/v1/fill/w_50,h_50,al_c,q_80,usm_0.66_1.00_0.01/nsplsh_6e4200d644834f1083655b2a24d229ef~mv2.jpg",Is Now A Good Time To Get Started With Credit Card Borrowing?,6/14/2022,Services,0e16716e-16cb-48b7-b65a-80dbf556092f,6/21/2022,1,1,0,1
"https://static.wixstatic.com/media/d981d2_aaa4ff16f2f441b180e03fdcc366beac~mv2.jpg/v1/fill/w_50,h_50,al_c,q_80,usm_0.66_1.00_0.01/d981d2_aaa4ff16f2f441b180e03fdcc366beac~mv2.jpg",Why Businesses Should Never Borrow Using Credit Cards,6/7/2022,Services,80777dfe-f736-4ee1-9137-24b4e64e2413,6/7/2022,2,2,0,2
https://manage.wix.com/analytics-ng/assets/svg/placeholder.svg,8 Steps To Buying Your First Rental Property,1/15/2022,Real Estate Funding,72f01f44-b02e-4539-bcf4-de711ba9011b,7/12/2022,5,2,0,2
"https://static.wixstatic.com/media/d981d2_75722d681ab242d285346278d5d78b60~mv2.png/v1/fill/w_50,h_50,al_c,q_80,usm_0.66_1.00_0.01/d981d2_75722d681ab242d285346278d5d78b60~mv2.png",Form Your FREE LLC or INC Today,7/26/2021,"Resources,Services",38e68cbf-7abb-4f8f-9513-53b5ef76fc4d,7/26/2021,11,6,0,6
"https://static.wixstatic.com/media/4090be_191c65b0b6b94a87b2de947e69030150~mv2.png/v1/fill/w_50,h_50,al_c,q_80,usm_0.66_1.00_0.01/4090be_191c65b0b6b94a87b2de947e69030150~mv2.png",Redefining The Joint Venture: Accelerating Innovation And Growth,7/15/2021,Business Funding,f584115f-c54e-4a2b-9f6c-64a92bba4e9e,7/15/2021,7,5,0,5
"https://static.wixstatic.com/media/d981d2_1e08f3c4140248079c5e385b693cf00b~mv2.jpg/v1/fill/w_50,h_50,al_c,q_80,usm_0.66_1.00_0.01/d981d2_1e08f3c4140248079c5e385b693cf00b~mv2.jpg",COVID-19 Emergency Relief Act: Round 2?,12/19/2020,"Resources,Services",e074b4d9-bd41-4575-8c91-1b4b30509294,12/19/2020,15,12,2,12
https://manage.wix.com/analytics-ng/assets/svg/placeholder.svg,You Can Still Be Early To Bitcoin,12/11/2020,"Crypto,Resources",5ca30cbf-a560-4671-a9e6-b96d76020cad,12/11/2020,10,9,0,9
https://manage.wix.com/analytics-ng/assets/svg/placeholder.svg,Make Business Funding Cool Again,10/10/2020,"Resources,Business Funding",3b9b98c5-a04a-40a6-909b-142b306ec32c,1/4/2021,12,10,0,12
"https://static.wixstatic.com/media/d981d2_f3b447970ebe4e77b69ef8ad9902b60f~mv2.jpg/v1/fill/w_50,h_50,al_c,q_80,usm_0.66_1.00_0.01/d981d2_f3b447970ebe4e77b69ef8ad9902b60f~mv2.jpg",Don't Let Lack of Funding Be A Reason Your Business Fails,9/29/2020,Business Funding,2a245912-710a-4030-bd78-037759244b6c,1/4/2021,20,15,0,19
https://manage.wix.com/analytics-ng/assets/svg/placeholder.svg,New service to help curate your best loan options,9/29/2020,Resources,3ea2d083-9511-4540-a6c1-2c17ad0157b3,10/7/2020,5,5,0,5
"https://static.wixstatic.com/media/d981d2_3803ba56c9554dedb1172c8001cd7fab~mv2.jpg/v1/fill/w_50,h_50,al_c,q_80,usm_0.66_1.00_0.01/d981d2_3803ba56c9554dedb1172c8001cd7fab~mv2.jpg",How Startup Funding Works [Infographic],9/25/2020,"Resources,Services",ea6eee57-91f2-4fe6-8e71-3505139db45e,9/25/2020,23,19,0,21
